code,name,nhif_branch,job_group,cover
80008704,ABDALLAH AND ASSOCIATES DENTAL AND IMPLANT CENTRE,NAIROBI,A-K,Outpatient
80001488,ABRAR HEALTH SERVICES LTD,BURUBURU,A-K,Inpatient & Outpatient
80001545,ADMINISTRATION POLICE TRAINING COLLEGE H,INDUSTRIAL AREA,A-K,Outpatient
80002138,AFRICARE DIALYSIS CENTRE,RUARAKA,A-K,Outpatient
80001235,AFRICARE LIMITED,WESTLANDS,A-K,Outpatient
80002112,AFRICARE LIMITED FORTIES SUITES,NAIROBI,A-K,Outpatient
80002113,AFRICARE LIMITED NHIF BUILDING,NAIROBI,A-K,Outpatient
80002193,AFRICARE LIMITED TRM,RUARAKA,A-K,Outpatient
80001443,ALIF MEDICAL CENTRE,EASTLEIGH,A-K,Outpatient
80001015,ALLIANCE MEDICAL CENTRE LTD,EASTLEIGH,A-K,Inpatient & Outpatient
80002752,AMIN WOMENS CARE CLINIC,NAIROBI,A-K,Outpatient
80008213,AMREF MEDICAL CENTRE WILSON AIRPORT,INDUSTRIAL AREA,A-K,Outpatient
80001135,AMURT HEALTH CARE,KANGEMI,A-K,Outpatient
22201476,ANNUNCIATION MISSION DISPENSARY MWIHOKO,RUARAKA,A-K,Outpatient
80002363,ARROW WEB HOSPITAL - HARAMBEE SACCO CLINIC,BURUBURU,A-K,Inpatient & Outpatient
80001136,ASTRADENTAL CLINIC,WESTLANDS,A-K,Outpatient
80006083,AVENUE HEALTHCARE GREENSPAN MEDICAL CENTRE,BURUBURU,A-K,Outpatient
8000138,AVENUE HEALTHCARE LTD,WESTLANDS,A-K,Inpatient
80001820,BABA DOGO HEALTH CENTRE,RUARAKA,A-K,Outpatient
80005781,BABADOGO HEALTH CENTRE,RUARAKA,A-K,Inpatient & Outpatient
80007617,BAHATI CLINIC,NAIROBI,A-K,Outpatient
80002076,BAHATI COMMUNITY HOSPITAL,BURUBURU,A-K,Inpatient & Outpatient
80005786,BAHATI HEALTH CENTRE,BURUBURU,A-K,Inpatient & Outpatient
80002131,BALDO IPPOLITA CATHOLIC HEALTH CENTRE,INDUSTRIAL AREA,A-K,Inpatient & Outpatient
80008437,BARAKA SMILES DENTAL CLINIC,RUARAKA,A-K,Outpatient
80001119,BEN AMMI MEDICAL CENTRE,NAIROBI,A-K,Outpatient
80001139,BETTER LIVING HOSPITAL,NAIROBI,A-K,Inpatient & Outpatient
80007618,BIAFRA LIONS CLINIC,NAIROBI,A-K,Outpatient
80008338,BLIS DENTAL CLINIC,WESTLANDS,A-K,Outpatient
80001936,BLISS GVS HEALTHCARE BURUBURU CLINIC,BURUBURU,A-K,Outpatient
80001935,BLISS GVS HEALTHCARE EMBAKASI CLINIC,INDUSTRIAL AREA,A-K,Outpatient
80001934,BLISS GVS HEALTHCARE ENTERPRISE ROAD CLNIC,INDUSTRIAL AREA,A-K,Outpatient
80008340,BLISS GVS HEALTHCARE GITHURAI,RUARAKA,A-K,Outpatient
80001941,BLISS GVS HEALTHCARE JOGOO ROAD CLINIC,BURUBURU,A-K,Outpatient
80001940,BLISS GVS HEALTHCARE KIBERA CLINIC,NAIROBI,A-K,Outpatient
80008440,BLISS GVS HEALTHCARE LIMITED UMOJA 2,BURUBURU,A-K,Outpatient
80006220,BLISS GVS HEALTHCARE LIMITED WESTLANDS,WESTLANDS,A-K,Outpatient
80001937,BLISS GVS HEALTHCARE PIPELINE CLINIC,INDUSTRIAL AREA,A-K,Outpatient
80001939,BLISS GVS HEALTHCARE TELEPOSTA CLINIC,NAIROBI,A-K,Outpatient
80007619,BOMAS OF KENYA DISPENSARY,NAIROBI,A-K,Outpatient
80006233,BRAIN SPINE AND REHABILITATION,WESTLANDS,A-K,Inpatient & Outpatient
66661975,BRIDGING OUTPATIENT CLINIC,RUARAKA,A-K,Outpatient
80008718,BRIGHTSIDE DRUG ABUSE REHABILITATION AND TREATMENT CENTRE,WESTLANDS,A-K,Outpatient
22201459,BRISTOL PARK HOSPITAL,INDUSTRIAL AREA,A-K,Inpatient & Outpatient
80006340,BRISTOL PARK NURSING HOME-UTAWALA,INDUSTRIAL AREA,A-K,Inpatient & Outpatient
80008327,BRO ANDRE MEDICAL CENTRE,RUARAKA,A-K,Outpatient
8000339,BURUBURU HEALTH CENTRE,BURUBURU,A-K,Outpatient
80001931,CANA FAMILY CLINIC AND RESOURCE CENTRE,INDUSTRIAL AREA,A-K,Inpatient & Outpatient
80002554,CANCER CARE KENYA LIMITED,WESTLANDS,A-K,Inpatient & Outpatient
8000148,CARE HOSPITAL LIMITED,EASTLEIGH,A-K,Inpatient & Outpatient
80002234,CELESTIAL DENTAL CENTRE,RUARAKA,A-K,Outpatient
80007620,CENTRAL BANK STAFF CLINIC,NAIROBI,A-K,Outpatient
80007621,CHANDARIA HEALTH CENTRE,NAIROBI,A-K,Outpatient
8000676,CHIROMO LANE MEDICAL CENTRE,WESTLANDS,A-K,Inpatient & Outpatient
8000279,CHIROMO LANE MEDICAL CENTRE ANNEX-BUSTAN,KANGEMI,A-K,Inpatient & Outpatient
80002478,CHURCH ARMY DENTAL CLINIC,BURUBURU,A-K,Outpatient
80002556,CHURCH ARMY MEDICAL CENTRE,GIKOMBA,A-K,Outpatient
80002965,CITY EYE HOSPITAL,NAIROBI,A-K,Outpatient
80001434,COMMUNAL ORIENTED SERVICES INTERNATIONAL,INDUSTRIAL AREA,A-K,Inpatient & Outpatient
8000747,COPTIC HOSPITAL,NAIROBI,A-K,Inpatient & Outpatient
80002464,DAGORETTI SUB-COUNTY HOSPITAL,NAIROBI,A-K,Inpatient & Outpatient
80005777,DANDORA I HEALTH CENTRE,RUARAKA,A-K,Inpatient & Outpatient
80005778,DANDORA II HEALTH CENTRE,RUARAKA,A-K,Inpatient & Outpatient
8000325,DANDORA MEDICAL CENTRE,RUARAKA,A-K,Inpatient & Outpatient
80008601,DAWASAFE MEDICAL CENTRE,EASTLEIGH,A-K,Inpatient & Outpatient
80008446,DENSMILE DENTAL CLINIC ROYSAMBU,RUARAKA,A-K,Outpatient
80002474,DENTAL CARE LIMITED NAIROBI CBD,NAIROBI,A-K,Outpatient
80002917,DENTALACCESS NAIROBI CLINIC,NAIROBI,A-K,Outpatient
80007622,DOG UNIT DISPENSARY (O P KENYA POLICE),NAIROBI,A-K,Outpatient
80008357,DR AGARWALS EYE HOSPITAL,WESTLANDS,A-K,Outpatient
80002381,DR. AKAMA AND ASSOCIATES LIMITED,NAIROBI,A-K,Outpatient
80002974,EAGLE EYE LASER CENTRE LIMITED LAVINGTON,KANGEMI,A-K,Outpatient
80002239,EAGLE HEALTH AND CLINIC SERVICES,KANGEMI,A-K,Inpatient & Outpatient
80005795,EASTLEIGH HEALTH CENTRE,EASTLEIGH,A-K,Inpatient & Outpatient
8000142,EDELVALE TRUST JAMAA H&M HOSPITAL,BURUBURU,A-K,Inpatient
80001946,EDNAH MEDICAL CENTRE,EASTLEIGH,A-K,Inpatient & Outpatient
80002249,EMARAT HOSPITAL,EASTLEIGH,A-K,Inpatient & Outpatient
80005900,EMBAKASI HEALTH CENTRE,INDUSTRIAL AREA,A-K,Inpatient & Outpatient
80008447,EMERALD DENTAL SURGERY LIMITED,NAIROBI,A-K,Outpatient
80008358,EMMANUEL MEDICAL CENTRE DONHOLM,BURUBURU,A-K,Outpatient
80002713,EQUITY AFIA BURUBURU,BURUBURU,A-K,Outpatient
80006376,EQUITY AFIA KAYOLE,BURUBURU,A-K,Outpatient
80001603,EURAKA MEDICAL CENTRE,BURUBURU,A-K,Inpatient & Outpatient
80008360,EXCELITE EYECARE,BURUBURU,A-K,Outpatient
80001041,EXECUTIVE DENTAL CLINIC,NAIROBI,A-K,Outpatient
80002052,EYE-AND U OPTHALMICS LIMITED,WESTLANDS,A-K,Outpatient
8000335,FAMILY ACCESS MEDICAL CENTRE,RUARAKA,A-K,Inpatient & Outpatient
80006430,FOREST JAPAN MEDICAL CENTRE,NAIROBI,A-K,Outpatient
80002913,FREMO MEDICAL CENTRE,NAIROBI,A-K,Outpatient
80001126,FREPALS NURSING HOME,NAIROBI,A-K,Inpatient & Outpatient
80002624,GARDEN SPECIALIST HOSPITAL,NAIROBI,A-K,Inpatient & Outpatient
80001507,GERMAN MEDICAL CENTRE,NAIROBI,A-K,Outpatient
80002558,GERTRUDES CHILDREN HOSPITAL BURUBURU,BURUBURU,A-K,Outpatient
80001581,GERTRUDES CHILDRENS HOSPITAL DOONHOLM,BURUBURU,A-K,Outpatient
80001588,GERTRUDES CHILDRENS HOSPITAL KOMAROCK,BURUBURU,A-K,Outpatient
80008365,GERTRUDES CHILDRENS HOSPITAL THIKA ROAD MALL,RUARAKA,A-K,Outpatient
8000002,GERTRUDES GARDEN CHILDRENS HOSPITAL NBI,WESTLANDS,A-K,Inpatient
80002074,GIOVANNA E-SYLVIA MEDICAL CENTRE,RUARAKA,A-K,Inpatient & Outpatient
80002359,GOLAN MEDICAL CENTRE,BURUBURU,A-K,Outpatient
80001132,GREENCROSS MEDICAL & DENTAL SERVICES LTD,GIKOMBA,A-K,Outpatient
80007623,GSU DISPENSARY (NAIROBI WEST),NAIROBI,A-K,Outpatient
80007624,GSU HQ DISPENSARY (RUARAKA),NAIROBI,A-K,Outpatient
80007625,GSU TRAINING SCHOOL,NAIROBI,A-K,Outpatient
8000183,GURU NANAK RAMGARHIA SIKH HOSPITAL,RUARAKA,A-K,Inpatient & Outpatient
80002622,HAMZA MEDICAL CENTRE,BURUBURU,A-K,Outpatient
80006252,HASHI MEDICAL CENTRE,WESTLANDS,A-K,Outpatient
80002190,HAVEN HEALTHCARE,BURUBURU,A-K,Outpatient
80002582,HAYAT HOSPITAL,EASTLEIGH,A-K,Inpatient & Outpatient
80002189,HERI WEMA HEALTH CENTRE,BURUBURU,A-K,Outpatient
80007626,HONO CLINIC,BURUBURU,A-K,Outpatient
80001587,HURUMA LIONS HEALTH CENTRE,RUARAKA,A-K,Outpatient
8000585,HURUMA NURSING & MATERNITY HOME,RUARAKA,A-K,Inpatient & Outpatient
80002188,HUVANS MEDICAL CENTRE DONHOLM,BURUBURU,A-K,Outpatient
80001036,IMARA HEALTH CARE CENTRE,INDUSTRIAL AREA,A-K,Inpatient & Outpatient
80002042,INDEX MEDICAL SERVICES,RUARAKA,A-K,Outpatient
80007627,INNOCULATION CENTRE,NAIROBI,A-K,Outpatient
80006381,INTERNATIONAL HEALTH CENTRE LIMITED,EASTLEIGH,A-K,Inpatient & Outpatient
80001409,IRAN MEDICAL CLINIC,NAIROBI,A-K,Outpatient
80002729,IVORY HEALTH SOLUTIONS LTD,NAIROBI,A-K,Outpatient
80001960,JACARANDA MATERNITY HOSPITAL,RUARAKA,A-K,Inpatient
80007628,JACARANDA SPECIAL SCHOOL,NAIROBI,A-K,Outpatient
8000949,JAHMII KIPAWA MEDICAL CENTRE,RUARAKA,A-K,Inpatient & Outpatient
80008427,JAMIA MEDCLINICS,NAIROBI,A-K,Outpatient
80002254,JAMII MEDICAL CANTRE-EMBAKASI,INDUSTRIAL AREA,A-K,Inpatient & Outpatient
80008607,JAMII WELLNESS HOSPITAL,BURUBURU,A-K,Inpatient & Outpatient
80002583,JAMII YADAH MEDICAL CENTRE MAKADARA,GIKOMBA,A-K,Outpatient
80001394,JAMII YADHA MEDICAL CENTRE,INDUSTRIAL AREA,A-K,Outpatient
80008370,JANICE CHOLERTON MEDICAL & CANCER CENTRE,NAIROBI,A-K,Inpatient & Outpatient
80005789,JERICHO HEALTH CENTRE,BURUBURU,A-K,Inpatient & Outpatient
80008608,JESSE KAY CHILDRENS HOSPITAL,RUARAKA,A-K,Inpatient & Outpatient
80007629,JINNAH AVE CLINIC,NAIROBI,A-K,Outpatient
80007630,JKIA HEALTH CENTRE,NAIROBI,A-K,Outpatient
80002731,JON LEE INTERNATIONAL HOSPITAL,BURUBURU,A-K,Outpatient
80002592,JOSMA HEALTH SERVICES LIMITED,RUARAKA,A-K,Inpatient & Outpatient
80002084,JOY NURSING & MATERNITY EASTLEIGH,EASTLEIGH,A-K,Inpatient & Outpatient
80001133,JUJA ROAD HOSPITAL,RUARAKA,A-K,Inpatient & Outpatient
80007632,KAHAWA GARRISON HEALTH CENTRE.,NAIROBI,A-K,Outpatient
80005776,KAHAWA HEALTH CENTRE,RUARAKA,A-K,Inpatient & Outpatient
80001586,KAHAWA WEST HEALTH CENTRE,RUARAKA,A-K,Inpatient & Outpatient
80002408,KALOLENI HEALTH CENTRE,BURUBURU,A-K,Outpatient
8000060,KAMITI HOSPITAL,WESTLANDS,A-K,Inpatient & Outpatient
80007633,KAMITI MAXIMUM CLINIC,NAIROBI,A-K,Outpatient
80002289,KANGEMI HEALTH CENTRE,KANGEMI,A-K,Outpatient
80007634,KAPU MEDICAL CLINIC,NAIROBI,A-K,Outpatient
80007635,KARANJA ROAD COMMUNITY CLINIC,NAIROBI,A-K,Outpatient
80005779,KARIOBANGI HEALTH CENTRE,RUARAKA,A-K,Inpatient & Outpatient
80007636,KARIOBANGI SOUTH CLINIC,NAIROBI,A-K,Outpatient
80007637,KARIOKOR CLINIC,NAIROBI,A-K,Outpatient
8000330,KASARANI CLAY CITY MEDICAL CENTRE,RUARAKA,A-K,Outpatient
80001585,KASARANI HEALTH CENTRE,RUARAKA,A-K,Outpatient
8000561,KASARANI NURSING & MAT. HOME,RUARAKA,A-K,Inpatient & Outpatient
8000664,KAYOLE HOSPITAL,BURUBURU,A-K,Inpatient & Outpatient
80005787,KAYOLE I HEALTH CENTRE,BURUBURU,A-K,Inpatient & Outpatient
80005784,KAYOLE II HEALTH CENTRE,BURUBURU,A-K,Inpatient & Outpatient
8000411,KAYOLE PROVIDE INTERNATIONAL,BURUBURU,A-K,Inpatient & Outpatient
80007638,KEMRI MIMOSA,NAIROBI,A-K,Outpatient
80007639,KEMRI VCT,NAIROBI,A-K,Outpatient
80007640,KEMSA STAFF CLINIC,NAIROBI,A-K,Outpatient
80007641,KENYA INSTITUTE OF SPECIAL EDUCATION DISPENSARY,NAIROBI,A-K,Outpatient
80007642,KENYA POLICE STAFF COLLEGE CLINIC,NAIROBI,A-K,Outpatient
80007643,KENYATTA UNIVERSITY DISPENSARY,NAIROBI,A-K,Outpatient
80002787,KENYATTA UNIVERSITY HEALTH CENTRE,RUARAKA,A-K,Outpatient
80007644,KIANDA 42 COMMUNITY CLINIC,NAIROBI,A-K,Outpatient
80005792,KIBERA AMREF HEALTH CENTRE,BURUBURU,A-K,Inpatient & Outpatient
80007645,KIBERA D O DISPENSARY,NAIROBI,A-K,Outpatient
80008746,KIBERA HUMAN DEVELOPMENT PROJECT MEDICAL CLINIC,NAIROBI,A-K,Outpatient
80007646,KIE/KAPC,NAIROBI,A-K,Outpatient
80001481,KILELESHWA MEDICAL PLAZA,WESTLANDS,A-K,Outpatient
80002771,KIMATHI STREET MEDICAL CENTRE LIMITED,NAIROBI,A-K,Outpatient
80002202,KINANI FAMILY MEDICAL AND DENTAL CARE,NAIROBI,A-K,Outpatient
80007647,KMTC DISPENSARY,NAIROBI,A-K,Outpatient
80001516,KOMAROCK MEDICAL CENTRE,BURUBURU,A-K,Outpatient
80002715,KOMAROCK MODERN HEALTHCARE UTAWALA,BURUBURU,A-K,Inpatient & Outpatient
80005775,KOROGOCHO HEALTH CENTRE,RUARAKA,A-K,Inpatient & Outpatient
80007648,KTTID DISPENSARY,NAIROBI,A-K,Outpatient
80007649,KWARE DISPENSARY,NAIROBI,A-K,Outpatient
80001134,LADNAN HOSPITAL LIMITED,EASTLEIGH,A-K,Inpatient & Outpatient
80007650,LADY NORTHEY DISPENSARY,NAIROBI,A-K,Outpatient
80007651,LAGOS ROAD DISPENSARY,NAIROBI,A-K,Outpatient
80007652,LANGATA WOMEN PRISON DISPENSARY,NAIROBI,A-K,Outpatient
80008378,LASER EYE CENTRE,WESTLANDS,A-K,Outpatient
80008467,LAVINGTON DENTAL SERVICES,KANGEMI,A-K,Outpatient
80002094,LENGO MEDICAL CLINIC,INDUSTRIAL AREA,A-K,Outpatient
80008748,LIANAS MEDICAL CENTRE,KANGEMI,A-K,Inpatient & Outpatient
80008468,LIFEBRIDGE COTTAGE HOSPITAL LIMITED,RUARAKA,A-K,Outpatient
80002183,LINA MEDICAL SERVICES LIMITED,INDUSTRIAL AREA,A-K,Outpatient
80007653,LINDI COMMUNITY CLINIC,NAIROBI,A-K,Outpatient
8000842,LIONS SIGHT FIRST EYE HOSPITAL,KANGEMI,A-K,Inpatient
22201455,LOCO HEALTH CENTRE,INDUSTRIAL AREA,A-K,Outpatient
80007654,LOWER KABETE DISPENSARY (KABETE),NAIROBI,A-K,Outpatient
8000675,MADINA HOSPITAL LIMITED,EASTLEIGH,A-K,Inpatient & Outpatient
80005785,MAKADARA HEALTH CENTRE,BURUBURU,A-K,Inpatient & Outpatient
80007655,MAKINA CLINIC,NAIROBI,A-K,Outpatient
80007656,MAKINA COMMUNITY CLINIC,NAIROBI,A-K,Outpatient
80002809,MAKKAH HOSPITAL LIMITED,EASTLEIGH,A-K,Inpatient & Outpatient
8000754,MARIA IMMACULATE HOSPITAL,KANGEMI,A-K,Inpatient & Outpatient
8000693,MARIA MAT. & NURSING HOME,BURUBURU,A-K,Inpatient & Outpatient
8000766,MARIAKANI COTTAGE HOSPITAL,INDUSTRIAL AREA,A-K,Inpatient & Outpatient
80002577,MARIE STOPES KENYA KANGEMI CLINIC,KANGEMI,A-K,Outpatient
80002390,MARIE STOPES KENYA KENYATTA MARKET CLINIC,NAIROBI,A-K,Outpatient
8000587,MARIE STOPES KENYA LIMITED,EASTLEIGH,A-K,Inpatient & Outpatient
80002450,MARIE STOPES KIBERA CLINIC,NAIROBI,A-K,Outpatient
80007657,MARINGO CLINIC,NAIROBI,A-K,Outpatient
8000713,MARURA NURSING HOME,RUARAKA,A-K,Inpatient & Outpatient
80005780,MARURUI HEALTH CENTRE,RUARAKA,A-K,Inpatient & Outpatient
80002793,MARY IMMACULATE HEALTH CENTRE BAHATI,GIKOMBA,A-K,Inpatient & Outpatient
80001578,MATHARE HEALTH CARE,RUARAKA,A-K,Outpatient
8000059,MATHARE MENTAL HOSPITAL (GENERAL WARD),RUARAKA,A-K,Inpatient & Outpatient
80005774,MATHARE NORTH HEALTH CENTRE,RUARAKA,A-K,Inpatient & Outpatient
80007658,MATHARE POLICE DEPOT DISPENSARY,NAIROBI,A-K,Outpatient
8000006,MBAGATHI DISTRICT HOSPITAL,NAIROBI,A-K,Inpatient & Outpatient
8000964,MBAGATHI DISTRICT HOSPITAL(OPC),NAIROBI,A-K,Outpatient
80005791,MBAGATHI HEALTH CENTRE,BURUBURU,A-K,Inpatient & Outpatient
80007659,MBOTELA CLINIC,NAIROBI,A-K,Outpatient
80002557,MEDICAL LINK INTERGRATED HEALTH PROGRAM,INDUSTRIAL AREA,A-K,Inpatient & Outpatient
80006132,MEDICROSS LTD KAWANGWARE,KANGEMI,A-K,Outpatient
80008388,MEDICROSS NGONG ROAD,NAIROBI,A-K,Outpatient
80001533,MEDIGOLD HEALTH SERVICES LIMITED,INDUSTRIAL AREA,A-K,Outpatient
80008431,MEDIHEAL HOSPITAL EASTLEIGH,EASTLEIGH,A-K,Inpatient & Outpatient
80001138,MEDIHEAL HOSPITAL PARKLANDS,WESTLANDS,A-K,Inpatient & Outpatient
80002766,MEDITEST DIAGNOSTICS SERVICES,WESTLANDS,A-K,Inpatient & Outpatient
80001577,MEKAM MEDICAL CENTRE,NAIROBI,A-K,Outpatient
8000820,MELCHIZEDEK HOSPITAL,NAIROBI,A-K,Inpatient & Outpatient
80008470,MELELE DENTAL CARE LIMITED,RUARAKA,A-K,Outpatient
8000882,MENELIK MEDICAL CENTER,NAIROBI,A-K,Inpatient
80007660,MERCILLIN AFYA CENTRE,NAIROBI,A-K,Outpatient
192828,MERCY MISSION MEDICAL CENTRE,KANGEMI,A-K,Inpatient & Outpatient
8000649,METROPOLITAN HOSPITAL,BURUBURU,A-K,Inpatient
8000749,MIDHILL MATERNITY & NURSING HOME,NAIROBI,A-K,Inpatient & Outpatient
80007661,MIHANGO COMMUNITY DISPENSARY,NAIROBI,A-K,Outpatient
80002097,MIKULINZI NURSING HOME,BURUBURU,A-K,Inpatient & Outpatient
80002412,MILE DENTAL CLINIC,NAIROBI,A-K,Outpatient
80007662,MINISTRY OF EDUCATION (MOEST) VCT CENTRE,NAIROBI,A-K,Outpatient
80008618,MISSION CARE NURSING HOME,INDUSTRIAL AREA,A-K,Inpatient & Outpatient
80007663,MJI WA HURUMA DISPENSARY,NAIROBI,A-K,Outpatient
80001241,MKUNGA MATERNITY & NURSING HOME,BURUBURU,A-K,Inpatient & Outpatient
80007664,MOI AIR BASE HOSPITAL,NAIROBI,A-K,Outpatient
80008519,MOLARS DENTAL PRACTICE,NAIROBI,A-K,Outpatient
8000694,MOTHER & CHILD HOSPITAL,EASTLEIGH,A-K,Inpatient & Outpatient
80001510,MOTHER IPPOLITA CATHOLIC DISPENSARY,INDUSTRIAL AREA,A-K,Outpatient
80007665,MOW DISPENSARY,NAIROBI,A-K,Outpatient
80005898,MUKURU HEALTH CENTRE,INDUSTRIAL AREA,A-K,Inpatient & Outpatient
80008390,MUMTAZ EYE CARE LIMITED,WESTLANDS,A-K,Outpatient
8000342,MUNDIKA MATERNITY AND NURSING HOME,RUARAKA,A-K,Inpatient & Outpatient
80001964,MUTEITHANIA NURSING AND MATERNITY HOME,KANGEMI,A-K,Inpatient & Outpatient
80007666,MUTHURWA CLINIC,NAIROBI,A-K,Outpatient
80005790,MUTUINI HEALTH CENTRE,BURUBURU,A-K,Inpatient & Outpatient
80001749,MWANGAZA ULIO NA TUMAINI CLINIC-KOROGOCHO,RUARAKA,A-K,Inpatient & Outpatient
80002221,MWATATE COMMUNITY HEALTH CARE,INDUSTRIAL AREA,A-K,Inpatient & Outpatient
80007667,NAIROBI COUNTY BEYOND ZERO CLINIC,NAIROBI,A-K,Outpatient
80006431,"NAIROBI EAR, NOSE & THROAT CLINIC",NAIROBI,A-K,Outpatient
80007668,NAIROBI EARC ST ANNE MEDICAL CLINIC,NAIROBI,A-K,Outpatient
80001739,NAIROBI EAST HOSPITAL LIMITED,EASTLEIGH,A-K,Inpatient & Outpatient
80002585,NAIROBI KIDNEY CENTRE,NAIROBI,A-K,Outpatient
80001021,NAIROBI OUTPATIENT CENTRE,NAIROBI,A-K,Inpatient & Outpatient
80008428,NAIROBI PLACE ADDICTION TREATMENT CENTRE LTD,NAIROBI,A-K,Inpatient & Outpatient
80002723,NAIROBI RADIOTHERAPY AND CANCER CENTRE LIMITED,NAIROBI,A-K,Outpatient
80007669,NAIROBI REMAND PRISON HEALTH CENTRE,NAIROBI,A-K,Outpatient
80007670,NAIROBI SOUTH CLINIC,NAIROBI,A-K,Outpatient
80002914,NAIROBI SPINE AND ORTHOPAEDIC CENTRE,NAIROBI,A-K,Outpatient
8000196,NAIROBI WEST HOSPITAL,INDUSTRIAL AREA,A-K,Inpatient
80007671,NAIROBI WEST MENS PRISON DISPENSARY,NAIROBI,A-K,Outpatient
8000753,NAIROBI WOMENS HOSPITAL,NAIROBI,A-K,Inpatient & Outpatient
80007672,NASCOP VCT,NAIROBI,A-K,Outpatient
8000125,NATIONAL SPINAL INJURY HOSPITAL,NAIROBI,A-K,Inpatient & Outpatient
80007673,NATIONAL YOUTH SERVICE HQ DISPENSARY (RUARAKA),NAIROBI,A-K,Outpatient
80001953,NEEMA HOSPITAL,RUARAKA,A-K,Inpatient & Outpatient
80006223,NEPHRO MED LIMITED,NAIROBI,A-K,Outpatient
80002260,NEWLIGHT MEDICAL CENTRE,RUARAKA,A-K,Outpatient
80007674,NGAIRA RHODES DISPENSARY,NAIROBI,A-K,Outpatient
80002472,NGARA HEALTH CENTRE,RUARAKA,A-K,Inpatient & Outpatient
80007675,NGONG ROAD DISPENSARY,NAIROBI,A-K,Outpatient
8000874,NGUMBA CENTER AND LABORATORY SERVICES,RUARAKA,A-K,Inpatient & Outpatient
80002125,NILE MEDICAL CLINIC,NAIROBI,A-K,Outpatient
80001018,NIMOLI MEDICAL SERVICES,RUARAKA,A-K,Inpatient & Outpatient
80002226,NIMOLI MEDICAL SERVICES LIMITED,INDUSTRIAL AREA,A-K,Outpatient
80002178,NJIRU HEALTH CENTRE,BURUBURU,A-K,Outpatient
80008621,NOOR EYECARE,RUARAKA,A-K,Inpatient & Outpatient
80007676,NSIS HEALTH CENTRE (RUARAKA),NAIROBI,A-K,Outpatient
80008570,NYINA WA MUMBI HEALTH SERVICES,WESTLANDS,A-K,Outpatient
80002749,OASIS DOCTORS PLAZA NAIROBI GREEN HOUSE,NAIROBI,A-K,Outpatient
80008719,OASIS MENTAL HEALTH LIMITED,WESTLANDS,A-K,Outpatient
80002916,ODEON MEDICAL CENTRE LIMITED,NAIROBI,A-K,Outpatient
80006147,ODYSSEY OPTICIANS LTD,NAIROBI,A-K,Outpatient
80007677,OFAFA I CLINIC,NAIROBI,A-K,Outpatient
80001579,OLIVE LINK HEALTHCARE,INDUSTRIAL AREA,A-K,Inpatient & Outpatient
80008571,ONE HEALTH LIMITED,NAIROBI,A-K,Outpatient
80007678,PANGANI DISPENSARY,NAIROBI,A-K,Outpatient
8000684,PARKROAD NURSING HOME (NAIROBI),RUARAKA,A-K,Inpatient & Outpatient
80006152,PENDA MEDICAL CENTRE KAHAWA WEST,RUARAKA,A-K,Outpatient
80006153,PHADAM HOSPITAL COMPANY LIMITED,BURUBURU,A-K,Inpatient & Outpatient
8000055,PIPELINE NURSING HOME,INDUSTRIAL AREA,A-K,Inpatient & Outpatient
80008699,PLANET DENTAL CLINIC LTD,INDUSTRIAL AREA,A-K,Outpatient
80002773,PLAZA MAGNETI RESONANCE IMAGING,NAIROBI,A-K,Outpatient
80008479,PLAZA MEDICAL SERVICES,RUARAKA,A-K,Outpatient
80007679,PORT HEALTH DISPENSARY (LANGATA),NAIROBI,A-K,Outpatient
80002041,PRECIOUS LIFE MEDICAL CENTRE,BURUBURU,A-K,Outpatient
22206189,PRECISION COUNSELLING AND REHAB HOME,RUARAKA,A-K,Inpatient & Outpatient
80002264,PRIMECARE DENTAL ASSOCIATES,NAIROBI,A-K,Outpatient
80002782,PRIMED MEDICAL CENTRE,BURUBURU,A-K,Outpatient
80002198,PROACT SERVICES HEALTH CENTRE,RUARAKA,A-K,Outpatient
80002665,PROGRESSIVE DENTAL CARE LTD,NAIROBI,A-K,Outpatient
80008622,PRUDENT COTTAGE HOSPITAL,BURUBURU,A-K,Inpatient & Outpatient
80002393,PUMWANI DISPENSARY,NAIROBI,A-K,Outpatient
8000118,PUMWANI HOSPITAL MANAGEMENT BOARD,EASTLEIGH,A-K,Inpatient & Outpatient
80007680,PUMWANI MAJENGO DISPENSARY,NAIROBI,A-K,Outpatient
80005794,PUMWANI MATERNITY,EASTLEIGH,A-K,Inpatient & Outpatient
8000829,RADIANT GROUP OF HOSPITALS,EASTLEIGH,A-K,Inpatient & Outpatient
80002357,RADIANT GROUP OF HOSPITALS UMOJA,BURUBURU,A-K,Inpatient & Outpatient
80007681,RAILWAY TRAINING INSTITUTE DISPENSARY SOUTH B,NAIROBI,A-K,Outpatient
80007682,REDEMEED HEALTH CENTRE,NAIROBI,A-K,Outpatient
80001396,REINHA ROSARY HEALTH CENTRE,INDUSTRIAL AREA,A-K,Inpatient & Outpatient
80002792,RELIABLE MEDICAL HEALTH SERVICES,BURUBURU,A-K,Outpatient
80002694,RHEEMAH HOSPITAL,INDUSTRIAL AREA,A-K,Outpatient
80007683,RHODES CHEST CLINIC,NAIROBI,A-K,Outpatient
80007684,RIRUTA HEALTH CENTRE,NAIROBI,A-K,Outpatient
80002199,RIVERSITE MEDICAL CLINIC,KANGEMI,A-K,Outpatient
8000869,RUAI FAMILY MEDICAL CENTRE,BURUBURU,A-K,Inpatient & Outpatient
80005782,RUARAKA HEALTH CENTRE,RUARAKA,A-K,Inpatient & Outpatient
80001571,RUARAKA UHAI NEEMA HOSPITAL,RUARAKA,A-K,Inpatient & Outpatient
80007685,RURAL AID VCT DISPENSARY,NAIROBI,A-K,Outpatient
8000018,S.S. LEAGUE M.P SHAH HOSPITAL NAIROBI,WESTLANDS,A-K,Inpatient & Outpatient
80002748,SAIKA NURSING HOME,BURUBURU,A-K,Inpatient & Outpatient
80002695,SALIHIYA MEDICAL CENTRE,EASTLEIGH,A-K,Outpatient
80002619,SAMAWATI MEDICAL CENTRE,NAIROBI,A-K,Inpatient & Outpatient
80001574,SAVANNAH COUNTY HEALTH CARE,RUARAKA,A-K,Outpatient
8000344,SAVANNAH HEALTH CARE SERVICES LTD,NAIROBI,A-K,Outpatient
80007686,SENATE HEALTH SERVICES,NAIROBI,A-K,Outpatient
80007687,SHAURI MOYO CLINIC,NAIROBI,A-K,Outpatient
80002106,SHEKINAH MEDICAL CENTRE,RUARAKA,A-K,Outpatient
80008577,SHINING HOPE FOR COMMUNITIES MATHARE CLINIC,RUARAKA,A-K,Outpatient
80002915,SHINING HOPE FOR COMMUNITY JOHANNA JINICH CLINIC,NAIROBI,A-K,Outpatient
80007688,SILANGA COMMUNITY CLINIC,NAIROBI,A-K,Outpatient
80001497,SILOA MEDICAL CENTRE,RUARAKA,A-K,Outpatient
80007689,SINGLE MOTHERS ASSOCIATION OF KENYA (SMAK),NAIROBI,A-K,Outpatient
80002627,SMILE EXPERTS DENTAL CLINIC,BURUBURU,A-K,Outpatient
80002269,SMILESTAR DENTAL AND HEALTH CARE SERVICES,RUARAKA,A-K,Outpatient
80006319,SONAR IMAGING CENTRE NAIROBI,NAIROBI,A-K,Outpatient
80007690,SOUTH B POLICE BAND DISPENSARY,NAIROBI,A-K,Outpatient
80007691,SOWETO WEST COMMUNITY CLINIC,NAIROBI,A-K,Outpatient
80007692,SPECIAL TREATMENT CLINIC,NAIROBI,A-K,Outpatient
80006168,ST. BRIDGET DISPENSARY,EASTLEIGH,A-K,Outpatient
80002406,ST. JAMES HEALTH CENTRE,KANGEMI,A-K,Outpatient
8000738,ST. JOHNS HOSPITAL LTD,RUARAKA,A-K,Inpatient & Outpatient
80001395,ST. JUDES MEDICAL CENTRE,BURUBURU,A-K,Inpatient & Outpatient
80002937,ST. MARY HEALTH SERVICES,RUARAKA,A-K,Inpatient & Outpatient
8000484,ST. PATRICK HEALTH CARE,BURUBURU,A-K,Outpatient
80008492,ST. PETERS ORTHOPEDICS AND SURGICAL SPECIALTY CENTRE LIMITED,KANGEMI,A-K,Inpatient & Outpatient
8000923,ST. SCHOLASTICA UZIMA HOSPITAL,RUARAKA,A-K,Inpatient & Outpatient
80001576,ST. TERESAS PARISH DISPENSARY,EASTLEIGH,A-K,Outpatient
8000904,ST.FRANCIS COMMUNITY HOSPITAL,RUARAKA,A-K,Inpatient
22202130,ST.FRANCIS HEALTH SERVICES,RUARAKA,A-K,Inpatient & Outpatient
80001125,STAR GENERAL MEDICAL CENTRE,RUARAKA,A-K,Inpatient & Outpatient
80007693,STAREHE BOYS CENTRE SCHOOL CLINIC,NAIROBI,A-K,Outpatient
80007694,STATE HOUSE CLINIC,NAIROBI,A-K,Outpatient
80007695,STATE HOUSE DISPENSARY (NAIROBI),NAIROBI,A-K,Outpatient
80002594,STRATUS MEDICAL IMAGING SOLUTIONS LTD,WESTLANDS,A-K,Outpatient
80001022,SUNSHINE MEDICAL AND DIAGNOSTIC CENTRE,RUARAKA,A-K,Inpatient & Outpatient
80002625,SVG HEALTHCARE LIMITED,WESTLANDS,A-K,Outpatient
80008493,TAIBA MEDICAL CENTRE,RUARAKA,A-K,Outpatient
80002750,TASSIA HOSPITAL,INDUSTRIAL AREA,A-K,Outpatient
80007696,TEACHERS SERVICE COMMISSION DISPENSARY,NAIROBI,A-K,Outpatient
80007697,TECHNICAL UNIVERSITY OF KENYA STUDENT/STAFF CLINIC,NAIROBI,A-K,Outpatient
80006108,THE BALOZI HOSPITAL LIMITED,INDUSTRIAL AREA,A-K,Inpatient & Outpatient
80008703,THE EASTERN DENTAL PRACTICE,INDUSTRIAL AREA,A-K,Outpatient
80002653,THE MEDICAL CLINIC NAKUMATT HQ,NAIROBI,A-K,Outpatient
80008587,THE MESU CENTRE,WESTLANDS,A-K,Outpatient
8000844,THE NAIROBI SOUTH HOSPITAL LIMITED,INDUSTRIAL AREA,A-K,Inpatient
8000232,THE NAIROBI WOMENS HOSPITAL - ADAMS,NAIROBI,A-K,Inpatient & Outpatient
80001240,THE WENT WORTH HOSPITAL,INDUSTRIAL AREA,A-K,Outpatient
80002036,THE ZAMBEZI HOSPITAL,INDUSTRIAL AREA,A-K,Inpatient & Outpatient
80006180,TOOTH FAIRY DENTAL CLINIC,WESTLANDS,A-K,Outpatient
80008423,UHAI QUALITY DIALYSIS CENTRE LTD,NAIROBI,A-K,Outpatient
80006458,ULTIMATE MEDICAL CARE SERVICES CHOKAA,BURUBURU,A-K,Outpatient
80002612,ULTIMATE MEDICAL CARE SERVICES LIMITED,RUARAKA,A-K,Outpatient
80005788,UMOJA HEALTH CENTRE,BURUBURU,A-K,Inpatient & Outpatient
8000857,UMOJA HOSPITAL,BURUBURU,A-K,Inpatient & Outpatient
80007699,UNITED STATES INTERNATIONAL UNIVERSITY VCT,NAIROBI,A-K,Outpatient
80001554,UNITY MATERNITY AND NURSING HOME-UMOJA,BURUBURU,A-K,Inpatient & Outpatient
80001589,UNIVERSAL HEALTH SERVICES,NAIROBI,A-K,Outpatient
8000943,"UNIVERSITY DENTAL HOSPITAL, NAIROBI",NAIROBI,A-K,Inpatient & Outpatient
8000902,UNIVERSITY OF NAIROBI HEALTH SERVICES,NAIROBI,A-K,Inpatient & Outpatient
80007701,UPENDO DISPENSARY,NAIROBI,A-K,Outpatient
80007702,USHIRIKA MEDICAL CLINIC,NAIROBI,A-K,Outpatient
80007703,UTHIRU MUTHUA DISPENSARY,NAIROBI,A-K,Outpatient
80002364,UWEZO HEALTHCARE LIMITED,BURUBURU,A-K,Outpatient
8000945,VICTORY HOSPITAL LTD,BURUBURU,A-K,Inpatient & Outpatient
80006429,VIMAK DENTAL CENTRE,NAIROBI,A-K,Outpatient
80002347,VITALRAY HEALTH SOLUTIONS LIMITED,NAIROBI,A-K,Outpatient
80002040,VOSTRUM KENYA LIMITED TOI CLINIC,NAIROBI,A-K,Outpatient
80001555,WAITHAKA HEALTH CENTRE,NAIROBI,A-K,Outpatient
80001959,WEMA MATERNITY AND NURSING HOME,KANGEMI,A-K,Inpatient & Outpatient
80001141,WESTLANDS MEDICAL CENTRE,WESTLANDS,A-K,Outpatient
80007704,WOODLEY CLINIC,NAIROBI,A-K,Outpatient
80006335,YAYA COLLINS DENTAL CLINIC,NAIROBI,A-K,Outpatient
64064,AIYEBO DISPENSARY,KABARNET,A-K,Inpatient & Outpatient
64190,AKWICHATIS HEALTH CENTRE,KABARNET,A-K,Inpatient & Outpatient
64140,ARAMA DISPENSARY,KABARNET,A-K,Inpatient & Outpatient
64065,ATIAR DISPENSARY,KABARNET,A-K,Inpatient & Outpatient
17644,BARINGO DISTRICT HOSPITAL (AMENITY WARDS,KABARNET,A-K,-
6090,BARINGO DISTRICT HOSPITAL (KABARNET),KABARNET,A-K,Inpatient & Outpatient
6679,BARNET MEMORIAL MEDICAL CENTRE,KABARNET,A-K,Inpatient & Outpatient
64191,BARPELLO DISPENSARY,KABARNET,A-K,Inpatient & Outpatient
64104,BARSEMOI DISPENSARY,KABARNET,A-K,Inpatient & Outpatient
64066,BARTABWA DISPENSARY,KABARNET,A-K,Inpatient & Outpatient
61787,BARTABWA HEALTH CENTRE,KABARNET,A-K,Outpatient
64067,BARTOLIMO DISPENSARY,KABARNET,A-K,Inpatient & Outpatient
61781,BARWESSA HEALTH CENTRE,KABARNET,A-K,Outpatient
64122,BEKIBON DISPENSARY,KABARNET,A-K,Inpatient & Outpatient
68341,BLISS GVS HEALTHCARE KABARNET,KABARNET,A-K,Outpatient
64041,BORROWONIN DISPENSARY,KABARNET,A-K,Inpatient & Outpatient
64068,BOSSEI DISPENSARY,KABARNET,A-K,Inpatient & Outpatient
64166,CHEBEREN DISPENSARY,KABARNET,A-K,Inpatient & Outpatient
64141,CHEMASUSU DISPENSARY,KABARNET,A-K,Inpatient & Outpatient
17961,CHEMOLINGOT DISTRICT HOSPITAL,KABARNET,A-K,Inpatient & Outpatient
64110,CHEMONOI DISPENSARY,KABARNET,A-K,Inpatient & Outpatient
64101,CHEMSIK DISPENSARY,KABARNET,A-K,Inpatient & Outpatient
64093,CHEPKALACHA DISPENSARY,KABARNET,A-K,Inpatient & Outpatient
64042,CHEPLAMBUS DISPENSARY,KABARNET,A-K,Inpatient & Outpatient
64094,CHEPTURU DISPENSARY,KABARNET,A-K,Inpatient & Outpatient
64192,CHESIRIMION DISPENSARY,KABARNET,A-K,Inpatient & Outpatient
64043,CHESONGO DISPENSARY,KABARNET,A-K,Inpatient & Outpatient
64193,CHURO DISPENSARY,KABARNET,A-K,Inpatient & Outpatient
61539,ELDAMA RAVINE NURSING HOME,KABARNET,A-K,Inpatient & Outpatient
66461,ELDUME DISPENSARY,KABARNET,A-K,Outpatient
61621,EMINING HEALTH CENTRE,KABARNET,A-K,Inpatient & Outpatient
64142,EQUATOR HEALTH CENTRE,KABARNET,A-K,Inpatient & Outpatient
64143,IGURE DISPENSARY,KABARNET,A-K,Inpatient & Outpatient
61810,ILGARUA DISPENSARY,KABARNET,A-K,Outpatient
64123,ILLINGARUA DISPENSARY,KABARNET,A-K,Inpatient & Outpatient
64044,KABARNET DISTRICT HOSPITAL,KABARNET,A-K,Inpatient & Outpatient
64045,KABARNET HIGH SCHOOL DISPENSARY,KABARNET,A-K,Inpatient & Outpatient
64144,KABIMOI DISPENSARY,KABARNET,A-K,Inpatient & Outpatient
64145,KABIYET DISPENSARY,KABARNET,A-K,Inpatient & Outpatient
64167,KABOGOR DISPENSARY,KABARNET,A-K,Inpatient & Outpatient
64069,KALABATA DISPENSARY,KABARNET,A-K,Inpatient & Outpatient
64168,KAMAR DISPENSARY,KABARNET,A-K,Inpatient & Outpatient
61789,KAMBI SAMAKI HEALTH CENTRE,KABARNET,A-K,Outpatient
64124,KAMPI SAMAKI HEALTH CENTRE,KABARNET,A-K,Inpatient & Outpatient
64092,KAMURIO DISPENSARY,KABARNET,A-K,Inpatient & Outpatient
64116,KAPCHEPKOR DISPENSARY,KABARNET,A-K,Inpatient & Outpatient
64125,KAPINDASIM DISPENSARY,KABARNET,A-K,Inpatient & Outpatient
64169,KAPKEIN DISPENSARY,KABARNET,A-K,Inpatient & Outpatient
64046,KAPKELELWA DISPENSARY,KABARNET,A-K,Inpatient & Outpatient
64070,KAPKIAMO DISPENSARY,KABARNET,A-K,Inpatient & Outpatient
66463,KAPKITONY DISPENSARY,KABARNET,A-K,Outpatient
64047,KAPKOLE DISPENSARY,KABARNET,A-K,Inpatient & Outpatient
64048,KAPKOMOI DISPENSARY,KABARNET,A-K,Inpatient & Outpatient
64049,KAPKUEI DISPENSARY,KABARNET,A-K,Inpatient & Outpatient
64108,KAPKURES DISPENSARY,KABARNET,A-K,Inpatient & Outpatient
64050,KAPLEL DISPENSARY,KABARNET,A-K,Inpatient & Outpatient
64051,KAPLUK DISPENSARY,KABARNET,A-K,Inpatient & Outpatient
61780,KAPTIMBOR DISPENSARY,KABARNET,A-K,Outpatient
64071,KAPTIONY DISPENSARY,KABARNET,A-K,Inpatient & Outpatient
64107,KAPTOROKWO DISPENSARY,KABARNET,A-K,Inpatient & Outpatient
64072,KAPTUM DISPENSARY,KABARNET,A-K,Inpatient & Outpatient
64073,KAPTUMIN DISPENSARY,KABARNET,A-K,Inpatient & Outpatient
64074,KAPTURO DISPENSARY (BARTABWA),KABARNET,A-K,Inpatient & Outpatient
64170,KAPUNYANY DISPENSARY,KABARNET,A-K,Inpatient & Outpatient
64146,KAREN ROSES DISPENSARY,KABARNET,A-K,Inpatient & Outpatient
64126,KASIELA DISPENSARY,KABARNET,A-K,Inpatient & Outpatient
64075,KASISIT DISPENSARY,KABARNET,A-K,Inpatient & Outpatient
64052,KASITET DISPENSARY,KABARNET,A-K,Inpatient & Outpatient
64076,KASOK DISPENSARY,KABARNET,A-K,Inpatient & Outpatient
64077,KATIBEL DISPENSARY,KABARNET,A-K,Inpatient & Outpatient
61718,KERIO HOSPITAL LIMITED,KABARNET,A-K,Outpatient
64078,KETURWO DISPENSARY,KABARNET,A-K,Inpatient & Outpatient
64147,KIBIAS DISPENSARY,KABARNET,A-K,Inpatient & Outpatient
64127,KIBINGOR DISPENSARY,KABARNET,A-K,Inpatient & Outpatient
64079,KIBIRYOKWONIN DISPENSARY,KABARNET,A-K,Inpatient & Outpatient
64053,KIBOINO DISPENSARY,KABARNET,A-K,Inpatient & Outpatient
64171,KIMNGOROM DISPENSARY,KABARNET,A-K,Inpatient & Outpatient
64106,KIMORIOT DISPENSARY,KABARNET,A-K,Inpatient & Outpatient
64172,KIMOSE DISPENARY,KABARNET,A-K,Inpatient & Outpatient
64080,KIMUGUL DISPENSARY (BARINGO NORTH),KABARNET,A-K,Inpatient & Outpatient
64081,KINYACH DISPENSARY,KABARNET,A-K,Inpatient & Outpatient
64082,KIPCHERERE DISPENSARY,KABARNET,A-K,Inpatient & Outpatient
64173,KIPKITUR DISPENSARY,KABARNET,A-K,Inpatient & Outpatient
64148,KIPLOMBE DISPENSARY (KOIBATEK),KABARNET,A-K,Inpatient & Outpatient
64099,KIPNAI DISPENSARY,KABARNET,A-K,Inpatient & Outpatient
64054,KIPSACHO DISPENSARY,KABARNET,A-K,Inpatient & Outpatient
64083,KIPSARAMAN DISPENSARY,KABARNET,A-K,Inpatient & Outpatient
64149,KIPSOGON DISPENSARY,KABARNET,A-K,Inpatient & Outpatient
61788,KIPTAGICH HEALTH CENTRE,KABARNET,A-K,Outpatient
64150,KIPTOIM DISPENSARY,KABARNET,A-K,Inpatient & Outpatient
64151,KIPTUNO DISPENSARY,KABARNET,A-K,Inpatient & Outpatient
61625,KISANANA HEALTH CENTRE,KABARNET,A-K,Inpatient & Outpatient
64128,KISERIAN DISPENSARY,KABARNET,A-K,Inpatient & Outpatient
64055,KISONEI DISPENSARY,KABARNET,A-K,Inpatient & Outpatient
61775,KITURO HEALTH CENTRE,KABARNET,A-K,Outpatient
64174,KOITEBES DISPENSARY,KABARNET,A-K,Inpatient & Outpatient
64175,KOKWA DISPENSARY,KABARNET,A-K,Inpatient & Outpatient
64194,KOKWOTOTO DISPENSARY,KABARNET,A-K,Inpatient & Outpatient
61626,KOLOWA HEALTH CENTRE,KABARNET,A-K,Inpatient & Outpatient
64098,KOMOLION DISPENSARY,KABARNET,A-K,Inpatient & Outpatient
64195,KOMOLION DISPENSARY,KABARNET,A-K,Inpatient & Outpatient
64129,KORIEMA DISPENSARY,KABARNET,A-K,Inpatient & Outpatient
64084,KOROTO DISPENSARY,KABARNET,A-K,Inpatient & Outpatient
64196,KOSITEI DISPENSARY,KABARNET,A-K,Inpatient & Outpatient
64085,KUIKUI DISPENSARY,KABARNET,A-K,Inpatient & Outpatient
61774,KUIKUI HEALTH CENTRE,KABARNET,A-K,Outpatient
64102,LAMAIWE DISPENSARY,KABARNET,A-K,Inpatient & Outpatient
64152,LEBOLOS DISPENSARY,KABARNET,A-K,Inpatient & Outpatient
64086,LIKWON DISPENSARY,KABARNET,A-K,Inpatient & Outpatient
64130,LOBOI DISPENSARY,KABARNET,A-K,Inpatient & Outpatient
64197,LODENGO HEALTH CENTRE,KABARNET,A-K,Inpatient & Outpatient
64198,LOIWAT DISPENSARY,KABARNET,A-K,Inpatient & Outpatient
64131,LORUK DISPENSARY (EAST POKOT),KABARNET,A-K,Inpatient & Outpatient
64056,MAGONOI DISPENSARY,KABARNET,A-K,Inpatient & Outpatient
64153,MAJI MAZURI DISPENSARY,KABARNET,A-K,Inpatient & Outpatient
64176,MAJI MOTO DISPENSARY,KABARNET,A-K,Inpatient & Outpatient
61754,MARIGAT CATHOLIC MISSION DISPENSARY,KABARNET,A-K,Outpatient
6894,MARIGAT SUB-DISTRICT HOSPITAL,KABARNET,A-K,Inpatient & Outpatient
64177,MARON DISPENSARY,KABARNET,A-K,Inpatient & Outpatient
6144,MERCY MISSION HOSPITAL,KABARNET,A-K,Inpatient & Outpatient
61620,MOCHONGOI HEALTH CENTRE,KABARNET,A-K,Inpatient & Outpatient
61765,MOGORWA HEALTH CENTRE,KABARNET,A-K,Outpatient
64154,MOGOTIO TOWN DISPENSARY,KABARNET,A-K,Inpatient & Outpatient
64087,MOIGUTWO DISPENSARY,KABARNET,A-K,Inpatient & Outpatient
64178,MOLOK DISPENSARY,KABARNET,A-K,Inpatient & Outpatient
64179,MOLOS DISPENSARY,KABARNET,A-K,Inpatient & Outpatient
64180,MOLOSIRWE DISPENSARY,KABARNET,A-K,Inpatient & Outpatient
64089,MUCHUKWO DISPENSARY,KABARNET,A-K,Inpatient & Outpatient
64181,MUGURIN DISPENSARY,KABARNET,A-K,Inpatient & Outpatient
64132,MUKUTANI DISPENSARY (EAST POKOT),KABARNET,A-K,Inpatient & Outpatient
64155,MUSERECHI DISPENSARY,KABARNET,A-K,Inpatient & Outpatient
64095,NAKOKO DISPENSARY,KABARNET,A-K,Inpatient & Outpatient
64182,NGENDALEL DISPENSARY,KABARNET,A-K,Inpatient & Outpatient
64057,NGETMOI DISPENSARY,KABARNET,A-K,Inpatient & Outpatient
64199,NGINYANG HEALTH CENTRE,KABARNET,A-K,Inpatient & Outpatient
64200,NGORON DISPENSARY,KABARNET,A-K,Inpatient & Outpatient
61624,NGUBERETI HEALTH CENTRE,KABARNET,A-K,Inpatient & Outpatient
64097,NYAKWALA DISPENSARY,KABARNET,A-K,Inpatient & Outpatient
64100,NYAUNYAU DISPENSARY,KABARNET,A-K,Inpatient & Outpatient
64105,NYIMBEI DISPENSARY,KABARNET,A-K,Inpatient & Outpatient
64058,OCHII DISPENSARY,KABARNET,A-K,Inpatient & Outpatient
64133,OL-ARABEL DISPENSARY,KABARNET,A-K,Inpatient & Outpatient
64112,OLDEBES DISPENSARY,KABARNET,A-K,Inpatient & Outpatient
64183,OLKOKWE HEALTH CENTRE,KABARNET,A-K,Inpatient & Outpatient
64111,PLESIAN DISPENSARY,KABARNET,A-K,Inpatient & Outpatient
61799,POI DISPENSARY,KABARNET,A-K,Outpatient
64109,PTIGCHI DISPENSARY,KABARNET,A-K,Inpatient & Outpatient
64184,RADAT DISPENSARY,KABARNET,A-K,Inpatient & Outpatient
6359,RAVINE GLORY HEALTH CARE SERVICES,KABARNET,A-K,Outpatient
68214,RAVINE GLORY HEALTHCARE SERVICES MOGOTIO,KABARNET,A-K,Outpatient
61932,REALE MEDICAL CENTRE KABARNET,KABARNET,A-K,Outpatient
64113,RIONGO DISPENSARY,KABARNET,A-K,Inpatient & Outpatient
64059,RIWO DISPENSARY,KABARNET,A-K,Inpatient & Outpatient
64090,RONDONIN DISPENSARY,KABARNET,A-K,Inpatient & Outpatient
64185,ROSOGA DISPENSARY,KABARNET,A-K,Inpatient & Outpatient
64156,SABATIA DISPENSARY,KABARNET,A-K,Inpatient & Outpatient
64134,SABOR DISPENSARY,KABARNET,A-K,Inpatient & Outpatient
64060,SACHO SCHOOL DISPENSARY,KABARNET,A-K,Inpatient & Outpatient
64157,SAGAT DISPENSARY,KABARNET,A-K,Inpatient & Outpatient
61804,SALAWA CATHOLIC MISSION DISPENSARY PHC ACTIVITIES,KABARNET,A-K,Outpatient
61764,SALAWA HEALTH CENTRE,KABARNET,A-K,Outpatient
64135,SANDAI DISPENSARY,KABARNET,A-K,Inpatient & Outpatient
64158,SAOS DISPENSARY,KABARNET,A-K,Inpatient & Outpatient
64114,SEGUTON DISPENSARY,KABARNET,A-K,Inpatient & Outpatient
64096,SERETION DISPENSARY,KABARNET,A-K,Inpatient & Outpatient
64061,SERETUNIN HEALTH CENTRE,KABARNET,A-K,Inpatient & Outpatient
64091,SIBILO DISPENSARY,KABARNET,A-K,Inpatient & Outpatient
64159,SIGORO DISPENSARY,KABARNET,A-K,Inpatient & Outpatient
64160,SIMOTWET DISPENSARY ( KOIBATEK),KABARNET,A-K,Inpatient & Outpatient
64161,SINONIN DISPENSARY (KOIBATEK),KABARNET,A-K,Inpatient & Outpatient
64103,SIRATA DISPENSARY,KABARNET,A-K,Inpatient & Outpatient
64186,SIRWA DISPENSARY (MOGOTIO),KABARNET,A-K,Inpatient & Outpatient
64136,SOGON DISPENSARY,KABARNET,A-K,Inpatient & Outpatient
64162,SOLIAN DISPENSARY,KABARNET,A-K,Inpatient & Outpatient
64187,SORE DISPENSARY,KABARNET,A-K,Inpatient & Outpatient
64062,SOROK DISPENSARY,KABARNET,A-K,Inpatient & Outpatient
64117,SUMEIYON DISPENSARY,KABARNET,A-K,Inpatient & Outpatient
64063,TALAI DISPENSARY,KABARNET,A-K,Inpatient & Outpatient
64201,TANGULBEI HEALTH CENTRE,KABARNET,A-K,Inpatient & Outpatient
64137,TDMP TANGULBEI DISPENSARY,KABARNET,A-K,Inpatient & Outpatient
64138,TEBEI DISPENSARY,KABARNET,A-K,Inpatient & Outpatient
61622,TENGES HEALTH CENTRE,KABARNET,A-K,Inpatient & Outpatient
64115,TIMBOROA DISPENSARY,KABARNET,A-K,Inpatient & Outpatient
64163,TINET DISPENSARY (KOIBATEK),KABARNET,A-K,Inpatient & Outpatient
64139,TINOMOI DISPENSARY,KABARNET,A-K,Inpatient & Outpatient
66327,"TIONYBEI MEDICAL CLINIC,MARIGAT",KABARNET,A-K,Outpatient
64118,TIRIMIONIN DISPENSARY,KABARNET,A-K,Inpatient & Outpatient
64119,TIRRIONDONIN DISPENSARY,KABARNET,A-K,Inpatient & Outpatient
64164,TONIOK DISPENSARY,KABARNET,A-K,Inpatient & Outpatient
61623,TORONGO HEALTH CENTRE,ELDAMA RAVINE,A-K,Inpatient & Outpatient
64165,TUGUMOI DISPENSARY,KABARNET,A-K,Inpatient & Outpatient
64188,TUIYOBEI DISPENSARY,KABARNET,A-K,Inpatient & Outpatient
64120,TUNOIWO DISPENSARY,KABARNET,A-K,Inpatient & Outpatient
64189,WASEGES DISPENSARY,KABARNET,A-K,Inpatient & Outpatient
64121,YATYA DISPENSARY,KABARNET,A-K,Inpatient & Outpatient
18123,A.I.C KIJABE MEDICAL CENTRE,LIMURU,A-K,Inpatient & Outpatient
22202402,AAR HEALTHCARE THIKA OUTPATIENT CENTRE,THIKA,A-K,Outpatient
22201440,AFRICAN MUSLIMS AGENCY HEALTH CENTRE,THIKA,A-K,Inpatient & Outpatient
22202576,AFYA MEDICAL CLINIC DAGORETTI MARKET,LIMURU,A-K,Outpatient
22208524,AGA KHAN UNIVERSITY HOSPITAL-KIAMBU CLINIC,KIAMBU,A-K,Outpatient
22202048,AHADI HEALTH AND MATERNITY HEALTH SERVICES,KIAMBU,A-K,Inpatient & Outpatient
18755,AIC -CURE INTERNATIONAL CHILDRENS HOS,LIMURU,A-K,Inpatient & Outpatient
22201567,AKSHAR HEALTH CARE LIMITED,LIMURU,A-K,Inpatient & Outpatient
22208208,ANMER DISPENSARY,KIAMBU,A-K,Outpatient
22206440,ARISE HOSPITAL,RUIRU,A-K,Inpatient & Outpatient
22201419,ASSUMPTION OF MARY CATHOLIC DISPENSARY,THIKA,A-K,Inpatient & Outpatient
22202462,ATHI DISPENSARY,THIKA,A-K,Outpatient
22208209,ATHI DISPENSARY SELF GROUP,KIAMBU,A-K,Outpatient
22208527,AVENUE HEALTHCARE -THIKA CLINIC,THIKA,A-K,Outpatient
2220875,BETA CARE HOSPITAL LIMITED,KIAMBU,A-K,Inpatient & Outpatient
22208210,"BEYOND ZERO MOBILE CLINIC, KIAMBU",KIAMBU,A-K,Outpatient
22208439,BLESSED TALBOT MEDICAL CENTRE,KIAMBU,A-K,Outpatient
22208340,BLISS GVS HEALTHCARE GITHURAI,RUIRU,A-K,Outpatient
22208339,BLISS GVS HEALTHCARE LIMITED KIAMBU,KIAMBU,A-K,Outpatient
22208346,BLISS GVS HEALTHCARE LIMITED THIKA,THIKA,A-K,Outpatient
22202860,BOORES MEDICAL CENTRE,THIKA,A-K,Outpatient
22202938,CAREMAX HEALTH LIMITED,RUIRU,A-K,Outpatient
22201779,CARITAS COMMUNITY HOSPITAL,THIKA,A-K,Inpatient & Outpatient
22201416,CARITAS MARIANA DISPENSARY,THIKA,A-K,Outpatient
2220189,CENTRAL MEMORIAL HOSPITAL (THIKA),THIKA,A-K,Inpatient & Outpatient
22208211,CIANDA DISPENSARY,KIAMBU,A-K,Outpatient
22202712,COMPLETE CARE DENTAL SERVICES,LIMURU,A-K,Outpatient
22201566,DANIEL COMBONI DISPENSARY,THIKA,A-K,Inpatient & Outpatient
22208705,DENTAL CAPITAL GROUP LIMITED,THIKA,A-K,Outpatient
6662711,DONYO SABUK MAT & NUR HOME,THIKA,A-K,Inpatient & Outpatient
22206393,EAGLES HOSPITALS,THIKA,A-K,Inpatient & Outpatient
22208359,EQUITY AFIA MEDICAL CENTRE THIKA,THIKA,A-K,Outpatient
22208212,ESCARPMENT DISPENSARY,KIAMBU,A-K,Outpatient
80001380,G.S.U HEALTH CENTRE RUIRU,RUIRU,A-K,Outpatient
22206925,GACHIKA DISPENSARY,RUIRU,A-K,Outpatient
22201983,GACHORORO HEALTH CENTRE,THIKA,A-K,Outpatient
22201279,GAKOE HEALTH CENTRE,THIKA,A-K,Inpatient & Outpatient
22201698,GALAXY MEDICARE CONSULTANTS,THIKA,A-K,Outpatient
22201705,GARDEN PARK MEDICAL CENTRE,KIAMBU,A-K,Outpatient
22208603,GATES OF HOPE FAMILY MEDICARE CENTRE,THIKA,A-K,Inpatient & Outpatient
2220122,GATUNDU LEVEL V HOSPITAL,RUIRU,A-K,Inpatient & Outpatient
22208546,GENERAL KAGO MEDICAL CENTRE,THIKA,A-K,Outpatient
22201580,GERTRUDES CHILDRENS HOSPITAL THIKA CLI,THIKA,A-K,Outpatient
22208548,GETRUDES CHILDREN HOSPITAL RUAKA CLINIC,KIAMBU,A-K,Outpatient
22201401,GICHURU DISPENSARY,LIMURU,A-K,Outpatient
22201288,GITARE HEALTH CENTRE,RUIRU,A-K,Inpatient & Outpatient
22201985,GITHIGA HEALTH CENTRE,KIAMBU,A-K,Outpatient
22201881,GITHUNGURI HEALTH CENTRE,KIAMBU,A-K,Inpatient & Outpatient
22208366,GITHURAI LANGATA HEALTH CENTRE,RUIRU,A-K,Inpatient & Outpatient
22207802,GITIHA HEALTH CENTRE,KIAMBU,A-K,Outpatient
22207803,GITITHIA DISPENSARY,KIAMBU,A-K,Outpatient
22208033,GK PRISON MEDICAL CLINIC,KIAMBU,A-K,Outpatient
22208034,GOK PRISONS STAFF TRAINING COLLEGE DISPENSARY,KIAMBU,A-K,Outpatient
22208035,GSU LEVEL 2 HEALTH FACILITY,KIAMBU,A-K,Outpatient
22208036,HAMUNDIA DISPENSARY,RUIRU,A-K,Outpatient
22201569,HOLY FAMILY CATHOLIC MISSION HOSPITAL,KIAMBU,A-K,Inpatient & Outpatient
22208553,HOPE EASTWARDS MEDICAL SERVICES KIKUYU,LIMURU,A-K,Outpatient
22201255,IGEGANIA SUB-DISTRICT HOSPITAL,THIKA,A-K,Inpatient & Outpatient
22201256,ITHANGA HEALTH CENTRE,THIKA,A-K,Inpatient & Outpatient
8000601,J. K. U. A. T. HOSPITAL,THIKA,A-K,Inpatient & Outpatient
22208458,JOTRAM MEDICAL CENTER,THIKA,A-K,Outpatient
22201286,JUJA FARM HEALTH CENTRE,THIKA,A-K,Inpatient & Outpatient
22206118,JUJA MODERN HOSPITAL,THIKA,A-K,Inpatient & Outpatient
186344,KABETE GARDENS HOSPITAL,LIMURU,A-K,Inpatient & Outpatient
22206939,KAGAA DISPENSARY,LIMURU,A-K,Outpatient
2220906,KALIMONI MISSION HOSPITAL,THIKA,A-K,Inpatient & Outpatient
22208558,KALIMONI MISSION HOSPITAL RUIRU BRANCH,RUIRU,A-K,Outpatient
22208038,KAMUNYAGA DISPENSARY,KIAMBU,A-K,Outpatient
22201290,KANJAMA DISPENSARY,THIKA,A-K,Outpatient
22208039,KARATINA HEALTH CENTRE,KIAMBU,A-K,Outpatient
22201289,KARATU L4 HOSPITAL,RUIRU,A-K,Inpatient & Outpatient
22208040,KARURI LEVEL 4 HOSPITAL,KIAMBU,A-K,Outpatient
22208371,KARURI LEVEL 4 HOSPITAL,KIAMBU,A-K,Inpatient & Outpatient
22208041,KEREITA FOREST DISPENSARY,KIAMBU,A-K,Outpatient
22202922,KERNAN MEDICAL CENTRE,THIKA,A-K,Outpatient
2220452,KIAMBU MEDICAL CENTRE,KIAMBU,A-K,Outpatient
22202054,KIANDUTU HEALTH CENTRE,THIKA,A-K,Inpatient & Outpatient
22208043,KIGANJO COMMUNITY MEDICAL CENTRE,KIAMBU,A-K,Outpatient
22202421,KIGUMO SUB-COUNTY HOSPITAL (KIGUMO),KIAMBU,A-K,Inpatient & Outpatient
8000955,KIHARA SUB-DISTRICT HOSPITAL,KIAMBU,A-K,Inpatient & Outpatient
22201882,KIKUYU SUB COUNTY LUSSEGETTI,KIAMBU,A-K,Inpatient
22201868,KIMBO HEALTH CARE CENTRE,RUIRU,A-K,Outpatient
2220318,KIMENDE ORTHODOX MISSION H/CENTRE,LIMURU,A-K,Inpatient & Outpatient
22202610,LANKIA NURSING HOME AND DIALYSIS CENTRE,LIMURU,A-K,Inpatient & Outpatient
2220321,LARI SUB COUNTY HOSPITAL,LIMURU,A-K,Inpatient & Outpatient
22202924,LIFESPAN MEDICAL CENTRE,RUIRU,A-K,Outpatient
22202158,LIMURU COTTAGE HOSPITAL,LIMURU,A-K,Inpatient & Outpatient
22201254,LIMURU HEALTH CENTRE,LIMURU,A-K,Inpatient & Outpatient
2220154,LIMURU NURSING HOME,LIMURU,A-K,Inpatient & Outpatient
22208045,LIOKI DISPENSARY,KIAMBU,A-K,Outpatient
22206957,LUSIGETTI SUB COUNTY HOSPITAL,KIAMBU,A-K,Outpatient
22208047,LUSSIGETTI LEVEL 4 HOSPITAL,KIAMBU,A-K,Outpatient
22208381,MAC DENTAL LIMITED,THIKA,A-K,Outpatient
22208048,MAGIINA DISPENSARY,KIAMBU,A-K,Outpatient
22208049,MAKONGENI DISPENSARY,KIAMBU,A-K,Outpatient
22202179,MARK TUMAINI MEDICAL CENTRE,KIAMBU,A-K,Outpatient
22202833,MARURA NURSING HOME IKINU MEDICAL CLINIC,KIAMBU,A-K,-
22208385,MEDICROSS CLINIC JUJA MALL,RUIRU,A-K,Outpatient
22202940,MEDIZONE MEDICAL CENTRE,THIKA,A-K,Outpatient
22201072,MERCY LIGHT HOSPITAL,KIAMBU,A-K,Inpatient & Outpatient
22201257,MGORONGO HEALTH CENTRE,LIMURU,A-K,Outpatient
22202009,MIGUTA HEALTH CENTRE,KIAMBU,A-K,Outpatient
22208051,MIIRI DISPENSARY,KIAMBU,A-K,Outpatient
2220744,MT.SINAI HOSPITAL,THIKA,A-K,Inpatient & Outpatient
22206966,MUGUTHA (CDF) DISPENSARY,RUIRU,A-K,Outpatient
22201287,MUNYU HEALTH CENTRE,THIKA,A-K,Inpatient & Outpatient
22208052,MUNYU-INI HEALTH CENTRE,KIAMBU,A-K,Outpatient
22202834,MUTATI DISPENSARY,KIAMBU,A-K,Outpatient
22206970,MUTHAARA DISPENSARY,THIKA,A-K,Outpatient
22202780,MWAKI HEALTH CARE LIMITED,THIKA,A-K,Outpatient
2220821,NAIDU HOSPITAL,THIKA,A-K,Inpatient & Outpatient
2220129,NAZARETH HOSPITAL RIARA RIDGE,KIAMBU,A-K,Inpatient & Outpatient
2220297,NAZARETH HOSPITAL RUIRU,KIAMBU,A-K,Inpatient & Outpatient
2220320,NDEIYA HEALTH CENTRE,LIMURU,A-K,Inpatient & Outpatient
22208053,NDENDERU DISPENSARY,KIAMBU,A-K,Outpatient
22206973,NDURURUMO DISPENSARY,RUIRU,A-K,Outpatient
22202018,NGECHA MODEL HEALTH CENTRE,KIAMBU,A-K,Outpatient
22201284,NGENDA HEALTH CENTRE,RUIRU,A-K,Inpatient & Outpatient
22201400,NGEWA HEALTH CENTRE,KIAMBU,A-K,Outpatient
22201277,NGOLIBA HEALTH CENTRE,THIKA,A-K,Inpatient & Outpatient
22206975,NGORONGO HEALTH CENTRE,THIKA,A-K,Outpatient
2220317,NYATHUNA SUB-COUNTY HOSPITAL,LIMURU,A-K,Inpatient & Outpatient
22202126,OASIS MISSION HOSPITAL,THIKA,A-K,Inpatient & Outpatient
2220043,P.C.E.A HOSPITAL KIKUYU,LIMURU,A-K,Inpatient & Outpatient
2220768,P.C.E.A KIKUYU ORTHOPAEDIC REH. CENTRE,LIMURU,A-K,Inpatient
22202350,PEFA MERCY MEDICAL CENTRE,KIAMBU,A-K,Inpatient & Outpatient
2220848,PLAINSVIEW NURSING HOME,RUIRU,A-K,Inpatient & Outpatient
22206976,PRESCORT DISPENSARY,RUIRU,A-K,Outpatient
22208401,PRINCE ALVIN MEDICAL CENTRE,RUIRU,A-K,Outpatient
22201745,RADIANT GROUP OF HOSPITALS-KIAMBU,KIAMBU,A-K,Inpatient & Outpatient
22208484,RADIANT HOSPITAL CLINIC KIAMBU,KIAMBU,A-K,Outpatient
22202029,RIRONI HEALTH CENTRE,LIMURU,A-K,Outpatient
22202345,ROMKAN MEDICAL CENTRE,THIKA,A-K,Inpatient & Outpatient
22208430,RUIRU IMAGING CENTRE LIMITED,THIKA,A-K,Outpatient
22208054,RUIRU PRISON DISPENSARY,KIAMBU,A-K,Outpatient
80001239,RUIRU PRISONS STAFF TRAINING COLLEGE HEALTH CENTRE,RUIRU,A-K,Outpatient
2220800,RUIRU SUB-COUNTY HOSPITAL,RUIRU,A-K,Inpatient & Outpatient
22208486,RUIRU WEMA COMMUNITY HEALTH SERVICES,RUIRU,A-K,Outpatient
22208055,RWAMBURI HEALTH CENTRE,LIMURU,A-K,Outpatient
22201817,SPA NURSING HOME,RUIRU,A-K,Inpatient & Outpatient
2220250,ST. IMMACULATE HEART HOSPITAL,LIMURU,A-K,Inpatient & Outpatient
2220832,ST. JUDE NURSING HOME,RUIRU,A-K,Inpatient & Outpatient
2220658,ST. MATIA MULUMBA HOSPITAL,THIKA,A-K,Inpatient & Outpatient
22208415,ST. PETER AND ANN MEDICAL CENTRE RUAKA,KIAMBU,A-K,Inpatient & Outpatient
22201950,ST.ANN MEDICAL CENTRE,LIMURU,A-K,Inpatient & Outpatient
22201750,ST.MARGARET MEDICAL CLINIC,THIKA,A-K,Outpatient
22202244,ST.MARK MEDICAL CLINIC,KIAMBU,A-K,Outpatient
22202654,ST.MARY MISSION INTERNATIONAL,RUIRU,A-K,Outpatient
22201723,ST.MARYS MOTHER AND CHILD MEDICAL CENTRE,KIAMBU,A-K,Outpatient
22201632,ST.TERESA HOSPITAL KIAMBU,KIAMBU,A-K,Inpatient & Outpatient
2220767,ST.TERESA KIKUYU MATERNITY & NUR. HOME,LIMURU,A-K,Inpatient & Outpatient
2220509,SUNVIEW MATERNITY AND NURSING HOME,KIAMBU,A-K,Inpatient & Outpatient
22202488,SUVA HEALTH SERVICES,THIKA,A-K,Outpatient
22208496,THE KAREN HOSPITAL LIMITED-THIKA CLINIC,THIKA,A-K,Outpatient
22208497,THE MATER HOSPITAL - THIKA,THIKA,A-K,Outpatient
2220280,THE RETREAT (REHABILITATION CENTRE),LIMURU,A-K,Inpatient
22202479,THIKA EYECARE LIMITED,THIKA,A-K,Outpatient
2220067,THIKA LEVEL 5 HOSPITAL,THIKA,A-K,Inpatient & Outpatient
2220153,THIKA NURSING HOME (THIKA),THIKA,A-K,Inpatient & Outpatient
22208632,THIKA NURSING HOME HOSPITAL,THIKA,A-K,Inpatient & Outpatient
22208056,THOGOTO TEACHER\\S DISPENSARY,KIAMBU,A-K,Outpatient
2220064,TIGONI DISTRICT HOSPITAL,LIMURU,A-K,Inpatient & Outpatient
2220365,TRANSCON WENDO MEDICAL SERVICES,RUIRU,A-K,Inpatient & Outpatient
22202839,ULTIMATE DENTAL CENTRE,LIMURU,A-K,Outpatient
22201070,VINEYARD HOSPITAL,THIKA,A-K,Inpatient & Outpatient
22201402,WANGIGE HEALTH CENTRE,LIMURU,A-K,Inpatient & Outpatient
22208591,WANKAM MEDICAL CENTRE,THIKA,A-K,Outpatient
22208502,ZAWENA TREATMENT CENTRE,KIAMBU,A-K,Outpatient
44408720,ACK KAMUKUYWA DISPENSARY,BUNGOMA,A-K,Outpatient
44402075,ARARAT MEDICAL CLINIC,WEBUYE,A-K,Outpatient
44406089,BIMA YETU HEALTH SERVICES,BUNGOMA,A-K,Outpatient
44408033,BISUNU DISPENSARY,BUNGOMA,A-K,Outpatient
44403593,BITUYU DISPENSARY,BUNGOMA,A-K,Inpatient & Outpatient
44403594,BOKOLI HOSPITAL,BUNGOMA,A-K,Inpatient & Outpatient
44403595,BUKEMBE DISPENSARY,BUNGOMA,A-K,Inpatient & Outpatient
44403596,BULONDO DISPENSARY,BUNGOMA,A-K,Inpatient & Outpatient
44401291,BUMULA HEALTH CENTRE,BUNGOMA,A-K,Outpatient
44403597,BUNGOMA COUNTY REFERAL HOSPITAL,BUNGOMA,A-K,Inpatient & Outpatient
4440082,BUNGOMA DISTRICT HOSPITAL,BUNGOMA,A-K,Inpatient & Outpatient
44408538,BUNGOMA WEMA CENTRE,BUNGOMA,A-K,Outpatient
44401863,BUNGOMA WEST MEDICAL SERVICES,BUNGOMA,A-K,Inpatient & Outpatient
44408034,CHEBUKUTUMI DISPENSARY,BUNGOMA,A-K,Outpatient
44408035,CHEBUKWANI DISPENSARY,BUNGOMA,A-K,Outpatient
44403598,CHEMSES DISPENSARY,BUNGOMA,A-K,Inpatient & Outpatient
44408036,CHEMWA DISPENSARY,BUNGOMA,A-K,Outpatient
44403599,CHEMWOREMWO DISPENSARY,BUNGOMA,A-K,Inpatient & Outpatient
44403600,CHEPKERER DISPENSARY,BUNGOMA,A-K,Inpatient & Outpatient
44403658,CHEPKUBE DISPENSARY,BUNGOMA,A-K,Inpatient & Outpatient
44403601,CHESIKAKI DISPENSARY,BUNGOMA,A-K,Inpatient & Outpatient
44408037,CHESINENDE DISPENSARY,BUNGOMA,A-K,Outpatient
44408542,CHRIZAH MEDICAL CLINIC LIMITED,BUNGOMA,A-K,Outpatient
44403602,CHWELE SUB COUNTY HOSPITAL,BUNGOMA,A-K,Inpatient & Outpatient
44401391,CHWELE SUB DISTRICT HOSPITAL,BUNGOMA,A-K,Outpatient
44408038,EKITALE DISPENSARY,BUNGOMA,A-K,Outpatient
4440678,ELGON VIEW MEDICAL COTTAGE,BUNGOMA,A-K,Inpatient & Outpatient
44402790,EMMANUEL MISSION HEALTH CENTRE,BUNGOMA,A-K,Inpatient & Outpatient
44406372,FOUNTAIN HEALTHCARE LTD BUNGOMA,BUNGOMA,A-K,Inpatient & Outpatient
44401439,ICFEM DREAMLAND MISSION HOSPITAL,BUNGOMA,A-K,Inpatient & Outpatient
44403603,KABOROM DISPENSARY,BUNGOMA,A-K,Inpatient & Outpatient
44403604,KABOYWO DISPENSARY,BUNGOMA,A-K,Inpatient & Outpatient
44403605,KABUCHAI HEALTH CENTRE,BUNGOMA,A-K,Inpatient & Outpatient
44403606,KABULA DISPENSARY,BUNGOMA,A-K,Inpatient & Outpatient
44408039,KAKIMANYI DISPENSARY,BUNGOMA,A-K,Outpatient
44408040,KAMASIELO DISPENSARY,BUNGOMA,A-K,Outpatient
44408041,KAMBINI DISPENSARY,BUNGOMA,A-K,Outpatient
44403607,KAMENJO DISPENSARY,BUNGOMA,A-K,Inpatient & Outpatient
44408042,KAMKUYWA DISPENSARY,BUNGOMA,A-K,Outpatient
44408043,KAMUNERU DISPENSARY,BUNGOMA,A-K,Outpatient
44403608,KANGANGA DISPENSARY,BUNGOMA,A-K,Inpatient & Outpatient
44403609,KAPKATENY DISPENSARY,BUNGOMA,A-K,Inpatient & Outpatient
44408044,KAPKOTA DISPENSARY,BUNGOMA,A-K,Outpatient
44403610,KAPSAMBU DISPENSARY,BUNGOMA,A-K,Inpatient & Outpatient
44403611,KAPTANAI DISPENSARY,BUNGOMA,A-K,Inpatient & Outpatient
44403659,KARIMA DISPENSARY,BUNGOMA,A-K,Inpatient & Outpatient
44408045,KAYAYA DISPENSARY,BUNGOMA,A-K,Outpatient
44402680,KHALABA MEDICAL SERVICES,BUNGOMA,A-K,Outpatient
44403612,KHALALA DISPENSARY,BUNGOMA,A-K,Inpatient & Outpatient
44403613,KHALUMULI DISPENSARY,BUNGOMA,A-K,Inpatient & Outpatient
44403614,KHAOYA DISPENSARY,BUNGOMA,A-K,Inpatient & Outpatient
44403615,KHASOKO HEALTH CENTRE,BUNGOMA,A-K,Inpatient & Outpatient
44408046,KIBIGEI DISPENSARY,BUNGOMA,A-K,Outpatient
44403616,KIBINGEI DISPENSARY,BUNGOMA,A-K,Inpatient & Outpatient
44403617,KIBISI DISPENSARY,BUNGOMA,A-K,Inpatient & Outpatient
44401772,KIBUKE DISPENSARY,BUNGOMA,A-K,Outpatient
44403618,KIMAETI DISPENSARY,BUNGOMA,A-K,Inpatient & Outpatient
44403619,KIMALEWA HEALTH CENTRE,BUNGOMA,A-K,Inpatient & Outpatient
4440890,KIMILILI DISTRICT HOSPITAL,BUNGOMA,A-K,Inpatient & Outpatient
44408047,KITABISI DISPENSARY,BUNGOMA,A-K,Outpatient
44408048,KITUNI DISPENSARY,BUNGOMA,A-K,Outpatient
44408049,KOLANI DISPENSARY,BUNGOMA,A-K,Outpatient
44403620,KONGOLI DISPENSARY,BUNGOMA,A-K,Inpatient & Outpatient
44403621,KOPSIRO HEALTH CENTRE,BUNGOMA,A-K,Inpatient & Outpatient
162091,KOPSIRO MODEL HEALTH CENTRE,BUNGOMA,A-K,Outpatient
44403660,KOROSIANDET DISPENSARY,BUNGOMA,A-K,Inpatient & Outpatient
44402246,KORY FAMILY HOSPITAL,BUNGOMA,A-K,Inpatient & Outpatient
44408516,KORY FAMILY HOSPITAL -KIMILILI,BUNGOMA,A-K,Inpatient & Outpatient
44403622,KOSHOK DISPENSARY,BUNGOMA,A-K,Inpatient & Outpatient
44401472,LIFE CARE HOSPITALS BUNGOMA LIMITED,BUNGOMA,A-K,Inpatient
4440893,LUGARI DISTRICT HOSPITAL,WEBUYE,A-K,Inpatient & Outpatient
44408050,LUKHANU DISPENSARY,BUNGOMA,A-K,Outpatient
44403623,LUKHOME DISPENSARY,BUNGOMA,A-K,Inpatient & Outpatient
44403661,LUKHUNA DISPENSARY,BUNGOMA,A-K,Inpatient & Outpatient
44403624,LUKUSI DISPENSARY,BUNGOMA,A-K,Inpatient & Outpatient
44403625,LUNAKWE DISPENSARY,BUNGOMA,A-K,Inpatient & Outpatient
44403626,LUNGAI DISPENSARY,BUNGOMA,A-K,Inpatient & Outpatient
44403627,LURARE DISPENSARY,BUNGOMA,A-K,Inpatient & Outpatient
44403628,LUUCHO DISPENSARY,BUNGOMA,A-K,Inpatient & Outpatient
44403629,LUUYA DISPENSARY,BUNGOMA,A-K,Inpatient & Outpatient
44408051,LWAKHAKHA DISPENSARY,BUNGOMA,A-K,Outpatient
44403662,LWANDA DISPENSARY,BUNGOMA,A-K,Inpatient & Outpatient
44403630,LWANDANYI DISPENSARY,BUNGOMA,A-K,Inpatient & Outpatient
44408052,MACHAKHA DISPENSARY,BUNGOMA,A-K,Outpatient
44403631,MACHWELE DISPENSARY,BUNGOMA,A-K,Inpatient & Outpatient
44403632,MAENI DISPENSARY,BUNGOMA,A-K,Inpatient & Outpatient
44403633,MAKHANGA DISPENSARY,BUNGOMA,A-K,Inpatient & Outpatient
44403634,MAKHONGE DISPENSARY,BUNGOMA,A-K,Inpatient & Outpatient
44408053,MAKUTANO DISPENSARY,BUNGOMA,A-K,Outpatient
44403635,MALAKISI HEALTH CENTRE,BUNGOMA,A-K,Inpatient & Outpatient
44403663,MARIGO DISPENSARY,BUNGOMA,A-K,Inpatient & Outpatient
44403636,MATISI DISPENSARY,BUNGOMA,A-K,Inpatient & Outpatient
44403664,MATULO DISPENSARY,BUNGOMA,A-K,Inpatient & Outpatient
44408054,MAYANJA DISPENSARY,BUNGOMA,A-K,Outpatient
44403637,MECHIMERU DISPENSARY,BUNGOMA,A-K,Inpatient & Outpatient
44403638,MIENDO DISPENSARY,BUNGOMA,A-K,Inpatient & Outpatient
44403639,MIHUU DISPENSARY,BUNGOMA,A-K,Inpatient & Outpatient
44403640,MILO HEALTH CENTRE,BUNGOMA,A-K,Inpatient & Outpatient
44403641,MILUKI DISPENSARY,BUNGOMA,A-K,Inpatient & Outpatient
44408055,MISIKU DISPENSARY,BUNGOMA,A-K,Outpatient
44406373,MPELI MEDICAL CENTRE,BUNGOMA,A-K,Outpatient
17850,MT.ELGON SUB-COUNTY HOSPITAL,BUNGOMA,A-K,Inpatient & Outpatient
44403665,MUKHE DISPENSARY,BUNGOMA,A-K,Inpatient & Outpatient
44408056,MUKWA DISPENSARY,BUNGOMA,A-K,Outpatient
44408057,MULACHI DISPENSARY,BUNGOMA,A-K,Outpatient
44403642,MUMBULE DISPENSARY,BUNGOMA,A-K,Inpatient & Outpatient
44408058,MWOMO DISPENSARY,BUNGOMA,A-K,Outpatient
44406141,NABUALA MEDICAL CENTRE,BUNGOMA,A-K,Inpatient & Outpatient
44403643,NALONDO HEALTH CENTRE (MODEL),BUNGOMA,A-K,Inpatient & Outpatient
44408059,NAMANGOFULO DISPENSARY,BUNGOMA,A-K,Outpatient
44408060,NAMARAMBI DISPENSARY,BUNGOMA,A-K,Outpatient
44408061,NAMWATIKHO DISPENSARY,BUNGOMA,A-K,Outpatient
44408062,NASAKA DISPENSARY,BUNGOMA,A-K,Outpatient
44403644,NASIANDA DISPENSARY,BUNGOMA,A-K,Inpatient & Outpatient
44403645,NASUSI DISPENSARY,BUNGOMA,A-K,Inpatient & Outpatient
44403646,NDALU HEALTH CENTRE,BUNGOMA,A-K,Inpatient & Outpatient
44403647,NGALASIA DISPENSARY,BUNGOMA,A-K,Inpatient & Outpatient
44401446,NZOIA MEDICAL CENTRE,BUNGOMA,A-K,Inpatient & Outpatient
44402785,NZOIA MEDICAL CENTRE-CHWELE,BUNGOMA,A-K,Inpatient & Outpatient
44408476,NZOIA SUGAR COMPANY,BUNGOMA,A-K,Outpatient
44401756,OPEN HEART MEDICAL CENTRE,BUNGOMA,A-K,Outpatient
44408478,OUR LADY OF PEACE CHEBUKAKA HEALTH CENTRE,BUNGOMA,A-K,Inpatient & Outpatient
44403648,PWANI DISPENSARY,BUNGOMA,A-K,Inpatient & Outpatient
44403649,RANJE DISPENSARY,BUNGOMA,A-K,Inpatient & Outpatient
44408063,RUANDA DISPENSARY,BUNGOMA,A-K,Outpatient
44403650,SACHA HEALTH CENTRE,BUNGOMA,A-K,Inpatient & Outpatient
44403651,SANGO NATIRI DISPENSARY,BUNGOMA,A-K,Inpatient & Outpatient
44403652,SIBOTI HEALTH CENTRE,BUNGOMA,A-K,Inpatient & Outpatient
44403653,SIKULU DISPENSARY,BUNGOMA,A-K,Inpatient & Outpatient
44403654,SIKUSI DISPENSARY,BUNGOMA,A-K,Inpatient & Outpatient
44401049,SINOKO DISPENSARY,BUNGOMA,A-K,Outpatient
44403666,SIRAKARU DISPENSARY,BUNGOMA,A-K,Inpatient & Outpatient
44408064,SITIKHO DISPENSARY,BUNGOMA,A-K,Outpatient
44408491,SPICAS MEDICAL CENTRE LTD,BUNGOMA,A-K,Outpatient
44406375,ST ANTHONYS KIBABII HEALTH CENTRE,BUNGOMA,A-K,Inpatient & Outpatient
44406166,ST. BAKHITAS MISSION HEALTH FACILITY,BUNGOMA,A-K,Inpatient & Outpatient
4440845,ST. DAMIANO MISSION HOSPITAL,BUNGOMA,A-K,Inpatient & Outpatient
44402657,ST.JAMES OPTICALS,BUNGOMA,A-K,Outpatient
44408065,SULWE DISPENSARY,BUNGOMA,A-K,Outpatient
44408066,TALITIA DISPENSARY,BUNGOMA,A-K,Outpatient
44403655,TAMLEGA DISPENSARY,BUNGOMA,A-K,Inpatient & Outpatient
44408067,TAMULEGA DISPENSARY,BUNGOMA,A-K,Outpatient
44408631,THE DAWAMEDS HOSPITAL LIMITED,BUNGOMA,A-K,Inpatient & Outpatient
44403656,TONGAREN HEALTH CENTRE,BUNGOMA,A-K,Inpatient & Outpatient
44402791,TRINITY OPTICALS LIMITED,BUNGOMA,A-K,Outpatient
44403657,TUIKUT DISPENSARY,BUNGOMA,A-K,Inpatient & Outpatient
44408068,WASIO DISPENSARY,BUNGOMA,A-K,Outpatient
4440422,WEBUYE DISTRICT HOSPITAL,BUNGOMA,A-K,Inpatient & Outpatient
44401052,WEBUYE HEALTH CENTRE,BUNGOMA,A-K,Outpatient
33373794,ADIEDO DISPENSARY,HOMA BAY,A-K,Inpatient & Outpatient
33371737,AFYA HEALTH SYSTEMS ORGANIZATION,HOMA BAY,A-K,Inpatient
33373815,AGAWO DISPENSARY,HOMA BAY,A-K,Outpatient
33378151,AGER COMMUNITY DISPENSARY,HOMA BAY,A-K,Outpatient
33378152,AIMO DISPENSARY,HOMA BAY,A-K,Outpatient
33378153,AKADO DISPENSARY,HOMA BAY,A-K,Outpatient
33373811,AMOYO DISPENSARY,HOMA BAY,A-K,Outpatient
33378154,ANDIWO DISPENSARY,HOMA BAY,A-K,Outpatient
33373772,ANGIYA DISPENSARY,HOMA BAY,A-K,-
33373859,ASUMBI ANNEX DISPENSARY,HOMA BAY,A-K,Outpatient
33378155,ASUMBI HEALTH CENTRE,HOMA BAY,A-K,Outpatient
3336938,ASUMBI MISSION HEALTH CENTRE,HOMA BAY,A-K,Inpatient & Outpatient
33373731,ASUMBI TEACHERS TRAINING COLLEGE,HOMA BAY,A-K,Outpatient
33378156,ATELA HEALTH CENTRE,HOMA BAY,A-K,Outpatient
33373729,ATEMO HEALTH CENTRE,HOMA BAY,A-K,Outpatient
33378157,AWACH HEALTH CENTRE,HOMA BAY,A-K,Outpatient
33373820,CHUOWE DISPENSARY,HOMA BAY,A-K,Outpatient
33373821,CHUTHBER DISPENSARY,HOMA BAY,A-K,Outpatient
33378752,EVANS HEALTHCARE CLINIC LIMITED,HOMA BAY,A-K,Inpatient & Outpatient
33373757,GARI DISPENSARY,HOMA BAY,A-K,Outpatient
33373801,GK PRISON DISPENSARY (HOMA BAY),HOMA BAY,A-K,Outpatient
33378158,GODBER HEALTH CENTRE,HOMA BAY,A-K,Outpatient
33373839,GODBURA HEALTH CENTRE,HOMA BAY,A-K,Outpatient
33373863,GONGO DISPENSARY,HOMA BAY,A-K,Outpatient
33378367,GOOD SHEPHERD ANGIYA DISPENSARY,HOMA BAY,A-K,Outpatient
33373756,GOT KAMONDI DISPENSARY,HOMA BAY,A-K,Outpatient
33373846,GOT KOJOWI HEALTH CENTRE,HOMA BAY,A-K,Outpatient
33373788,GOT OYARO DISPENSARY,HOMA BAY,A-K,Outpatient
33378159,HOMA HILLS HEALTH CENTRE,HOMA BAY,A-K,Outpatient
33373836,HOMA LIME HEALTH CENTRE,HOMA BAY,A-K,Outpatient
3337226,HOMABAY DISTRICT HOSPITAL,HOMA BAY,A-K,Inpatient & Outpatient
3337629,HOMABAY DISTRICT HOSPITAL (AMENITY WARD),HOMA BAY,A-K,Inpatient & Outpatient
33372069,JANEIRO NURSING HOME,HOMA BAY,A-K,Inpatient & Outpatient
33373857,KABONDO SUB-COUNTY HOSPITAL,HOMA BAY,A-K,Inpatient & Outpatient
33378160,KACHUTH DISPENSARY,HOMA BAY,A-K,Outpatient
33378161,KADHOLA DISPENSARY,HOMA BAY,A-K,Outpatient
33373793,KAJIEYI DISPENSARY,HOMA BAY,A-K,Outpatient
33371475,KANDIEGE SUB DISTRICT HOSPITAL,HOMA BAY,A-K,Inpatient & Outpatient
33378162,KAWANGA DISPENSARY,HOMA BAY,A-K,Outpatient
3337042,KENDU MISSION HOSPITAL (KENDU BAY),HOMA BAY,A-K,Inpatient & Outpatient
3336451,KENDU SUB-DISTRICT HOSPTAL,HOMA BAY,A-K,Outpatient
33373810,KIASA DISPENSARY,HOMA BAY,A-K,Outpatient
33378163,KIEMBE DISPENSARY,HOMA BAY,A-K,Outpatient
33373812,KIJAWA DISPENSARY,HOMA BAY,A-K,Outpatient
33378164,KIJEBI DISPENSARY,HOMA BAY,A-K,Outpatient
33378165,KIMONGE HEALTH CENTRE,HOMA BAY,A-K,Outpatient
33378166,KIPASI COMMUNITY HEALTH CENTRE,HOMA BAY,A-K,Outpatient
33373838,KITARE HEALTH CENTRE,HOMA BAY,A-K,Outpatient
33373791,KOBUYA DISPENSARY,HOMA BAY,A-K,Outpatient
33373817,KOGWENO ORIANG DISPENSARY,HOMA BAY,A-K,Outpatient
33373824,KOKECH MIRONDO HEALTH CENTER,HOMA BAY,A-K,Outpatient
33372818,KOLUNGA COMMUNITY DISPENSARY - SUBA,HOMA BAY,A-K,Outpatient
33378167,KOME DISPENSARY,HOMA BAY,A-K,Outpatient
33378168,KUGE DISPENSARY,HOMA BAY,A-K,Outpatient
33373809,LAMBWE FOREST DISPENSARY,HOMA BAY,A-K,Outpatient
33373823,LELA (COMMUNITY) DISPENSARY,HOMA BAY,A-K,Outpatient
33378169,LITARE COMMUNITY HEALTH CENTRE,HOMA BAY,A-K,Outpatient
33378170,LUCKY YOUTH DISPENSARY,HOMA BAY,A-K,Outpatient
33378171,LWANDA AWITI DISPENSARY,HOMA BAY,A-K,Outpatient
33378172,LWANDA KOBITA DISPENSARY,HOMA BAY,A-K,Outpatient
33373835,MAGINA HEALTH CENTRE,HOMA BAY,A-K,Outpatient
33373837,MAGUNGA HEALTH CENTRE,HOMA BAY,A-K,Outpatient
33373830,MAKONGENI HEALTH CENTRE,HOMA BAY,A-K,Outpatient
33373808,MALELA DISPENSARY,HOMA BAY,A-K,Outpatient
33372096,MAMAS NURSING HOME-RIAT,HOMA BAY,A-K,Inpatient & Outpatient
33373803,MARAM DISPENSARY,HOMA BAY,A-K,Outpatient
3337563,MATATA NURSING & MATERNITY HOME,HOMA BAY,A-K,Inpatient & Outpatient
3337951,MBITA SUB-DISTRICT HOSPITAL,MBITA,A-K,Inpatient & Outpatient
33378173,MFANGANO COMMUNITY HEALTH CENTRE,HOMA BAY,A-K,Outpatient
33373814,MINIAMBO DISPENSARY,HOMA BAY,A-K,Outpatient
33373725,MIROGI MISSION HEALTH CENTRE,HOMA BAY,A-K,Outpatient
33373840,MSARE HEALTH CENTRE,HOMA BAY,A-K,Outpatient
33378174,MUKUYU HEALTH CENTRE,HOMA BAY,A-K,Outpatient
33378175,NDERE HEALTH CENTRE,HOMA BAY,A-K,Outpatient
33371473,NDHIWA SUB DISTRICT HOSPITAL,HOMA BAY,A-K,Inpatient & Outpatient
33373848,NDIRU HEALTH CENTRE,HOMA BAY,A-K,Outpatient
33373800,NGEGU DISPENSARY,HOMA BAY,A-K,Outpatient
33373807,NGUKU DISPENSARY,HOMA BAY,A-K,Outpatient
33373792,NYABOLA DISPENSARY,HOMA BAY,A-K,Outpatient
33373833,NYADENDA HEALTH CENTRE,HOMA BAY,A-K,Outpatient
33373847,NYAGORO HEALTH CENTRE,HOMA BAY,A-K,Outpatient
33378176,NYAGOWA ELCK DISPENSARY,HOMA BAY,A-K,Outpatient
33378177,NYAKWERI DISPENSARY,HOMA BAY,A-K,Outpatient
33378178,NYAMADEDE COMMUNITY DISPENSARY,HOMA BAY,A-K,Outpatient
33378179,NYAMADEDE DISPENSARY,HOMA BAY,A-K,Outpatient
33373720,NYAOGA COMMUNITY DISPENSARY,HOMA BAY,A-K,Inpatient & Outpatient
33378180,NYAWAWA DISPENSARY,HOMA BAY,A-K,Outpatient
33378181,OBANGE HEALTH CENTRE,HOMA BAY,A-K,Outpatient
33378182,ODINO HEALTH CENTRE,HOMA BAY,A-K,Outpatient
33378183,OGANDO DISPENSARY,HOMA BAY,A-K,Outpatient
33372102,OGONGO SUB DISTRICT HOSPITAL,HOMA BAY,A-K,Outpatient
33378184,OJUNGE HEALTH CENTRE,HOMA BAY,A-K,Outpatient
33378185,OKIKI AMAYO HEALTH CENTRE,HOMA BAY,A-K,Outpatient
3336999,OKITTA MATERNITY & NURSING HOME,OYUGIS,A-K,Inpatient & Outpatient
33378186,ONGAKO DISPENSARY,HOMA BAY,A-K,Outpatient
33378187,OPEMBLE DISPENSARY,HOMA BAY,A-K,Outpatient
33378188,OREDHO DISPENSARY,HOMA BAY,A-K,Outpatient
33378189,ORIDI DISPENSARY,HOMA BAY,A-K,Outpatient
33378190,ORIWO DISPENSARY,HOMA BAY,A-K,Outpatient
33378398,OSANI COMMUNITY HEALTH AND DEVELOPMENT CENTRE,HOMA BAY,A-K,Inpatient & Outpatient
33378399,OSMAN MEDICAL SERVICES,HOMA BAY,A-K,Inpatient & Outpatient
33371351,OTHORO SUB-DISTRICT HOSPITAL,OYUGIS,A-K,Outpatient
33378191,PALA DISPENSARY,HOMA BAY,A-K,Outpatient
33371450,PORT FLORENCE COMMUNITY HOSPITAL,HOMA BAY,A-K,Outpatient
33378747,PORT FLORENCE COMMUNITY HOSPITAL NDHIWA,HOMA BAY,A-K,Inpatient & Outpatient
33371537,PORT FLORENCE MBITA CLINIC,HOMA BAY,A-K,Outpatient
3337775,RACHUONYO DISTRICT HOSPITAL,HOMA BAY,A-K,Inpatient & Outpatient
33378192,RADHORE DISPENSARY,HOMA BAY,A-K,Outpatient
33373826,RAMBA HEALTH CENTRE (NYAMIRA),HOMA BAY,A-K,Outpatient
33378193,RAYUDHI DISPENSARY,HOMA BAY,A-K,Outpatient
33378194,REMBA DISPENSARY,HOMA BAY,A-K,Outpatient
33378195,RINGITI DISPENSARY,HOMA BAY,A-K,Outpatient
33378408,RTC MEDICAL CENTRE,HOMA BAY,A-K,Inpatient & Outpatient
33371563,SENA HEALTH CENTRE,MBITA,A-K,Inpatient & Outpatient
3337991,SIMBIRI NAN BELL COMMUNITY HEALTH CENTRE,OYUGIS,A-K,Inpatient & Outpatient
33378414,SORI LAKESIDE HOSPITAL -SINDO BRANCH,HOMA BAY,A-K,Inpatient & Outpatient
33371952,"ST,MARYS MISSION HEALTH CENTRE",HOMA BAY,A-K,Inpatient & Outpatient
33371610,ST. ELIZABETH NDISI HEALTH CENTRE,HOMA BAY,A-K,Inpatient & Outpatient
3337576,ST. LAWRENCE HOMA BAY HOSPITAL,HOMA BAY,A-K,Inpatient & Outpatient
33372266,ST.MARYS RINGA DISPENSARY,HOMA BAY,A-K,Outpatient
3337863,ST.PAULS MISSION HOSPITAL,HOMA BAY,A-K,Inpatient & Outpatient
3337742,SUBA DISTRICT HOSPITAL,MBITA,A-K,Inpatient & Outpatient
33372800,THE SAMARIMED CENTRE,HOMA BAY,A-K,Inpatient & Outpatient
33373722,TONGA HEALTH CENTRE,HOMA BAY,A-K,Inpatient & Outpatient
33372817,TORICS NURSING HOME,HOMA BAY,A-K,Inpatient & Outpatient
33371352,WAGWE HEALTH CENTRE,HOMA BAY,A-K,Outpatient
33378196,WIKOMIMO DISPENSARY,HOMA BAY,A-K,Outpatient
33378197,WIKOTENG DISPENSARY,HOMA BAY,A-K,Outpatient
2224257,ACEF ENA HEALTH CARE,EMBU,A-K,Inpatient & Outpatient
22241933,ACK KIRIARI DISPENSARY,EMBU,A-K,Outpatient
22242711,BERTUS DENTAL CENTRE,EMBU,A-K,Outpatient
22246207,BLISS GVS HEALTHCARE LIMITED EMBU,EMBU,A-K,Outpatient
22244728,CIAKATHUKURE DISPENSARY,EMBU,A-K,Inpatient & Outpatient
6664028,CONSOLATA HOSPITAL KYENI (EMBU),EMBU,A-K,Inpatient & Outpatient
18353,COUNTY MEDICAL CENTRE,EMBU,A-K,Inpatient & Outpatient
22244708,DALLAS DISPENSARY,EMBU,A-K,Inpatient & Outpatient
22242327,EASTEND DENTAL CLINIC LIMITED,EMBU,A-K,Outpatient
2224256,EMBU CHILDRENS HOSPITAL,EMBU,A-K,Inpatient & Outpatient
6664109,EMBU COUNTY REFFERAL HOSPITAL,EMBU,A-K,Inpatient & Outpatient
22244709,EMBU KMTC DISPENSARY,EMBU,A-K,Inpatient & Outpatient
22244762,ENA DISPENSARY,EMBU,A-K,Inpatient & Outpatient
22248362,FOCUS CLINICAL & DIAGNOSTIC CENTRE LTD EMBU,EMBU,A-K,Outpatient
22248363,FOCUS CLINICAL & DIAGNOSTIC CENTRE LTD ISHIARA,EMBU,A-K,Outpatient
22244739,GACABARI DISPENSARY,EMBU,A-K,Inpatient & Outpatient
22244740,GACHURIRI DISPENSARY,EMBU,A-K,Inpatient & Outpatient
22244741,GATEGI HEALTH CENTRE,EMBU,A-K,Inpatient & Outpatient
22244729,GATIRURI DISPENSARY,EMBU,A-K,Inpatient & Outpatient
22244763,GATUMBI DISPENSARY,EMBU,A-K,Inpatient & Outpatient
22244710,GATUNDURI DISPENSARY,EMBU,A-K,Inpatient & Outpatient
22248364,GELTRUDE DISPENSARY,EMBU,A-K,Outpatient
22244764,GICHICHE DISPENSARY,EMBU,A-K,Inpatient & Outpatient
22244765,GIKUURI DISPENSARY (CDF),EMBU,A-K,Inpatient & Outpatient
22244742,GITARAKA DISPENSARY,EMBU,A-K,Inpatient & Outpatient
22244766,GITARE DISPENSARY (EMBU),EMBU,A-K,Inpatient & Outpatient
22244711,GK PRISON DISPENSARY (EMBU),EMBU,A-K,Inpatient & Outpatient
22248604,GREENSPAN MEDICAL CENTRE,EMBU,A-K,Inpatient & Outpatient
22248555,HUNTER MEDICAL CENTRE RUNYENJES,EMBU,A-K,Outpatient
6664219,ISHIARA DISTRICT HOSPITAL EMBU,EMBU,A-K,Inpatient & Outpatient
22244712,ITABUA POLICE DISPENSARY,EMBU,A-K,Inpatient & Outpatient
6664726,JOY KIM NURSING HOME,EMBU,A-K,Inpatient & Outpatient
22244743,KABUGURI DISPENSARY,EMBU,A-K,Inpatient & Outpatient
22244713,KAIRURI HEALTH CENTRE,EMBU,A-K,Inpatient & Outpatient
22244730,KAMUMU DISPENSARY,EMBU,A-K,Inpatient & Outpatient
22244744,KAMUNYANGE DISPENSARY,EMBU,A-K,Inpatient & Outpatient
22244758,KAMWELI DISPENSARY,EMBU,A-K,Inpatient & Outpatient
22244767,KANDURI DISPENSARY,EMBU,A-K,Inpatient & Outpatient
22244715,KANGARU DISPENSARY (EMBU),EMBU,A-K,Inpatient & Outpatient
22244768,KANJA HEALTH CENTRE,EMBU,A-K,Inpatient & Outpatient
22244731,KANYANGI DISPENSARY,EMBU,A-K,Inpatient & Outpatient
22244732,KANYUAMBORA DISPENSARY,EMBU,A-K,Inpatient & Outpatient
22244745,KARABA DISPENSARY (MBEERE),EMBU,A-K,Inpatient & Outpatient
22244716,KARAU HEALTH CENTRE,EMBU,A-K,Inpatient & Outpatient
22244733,KAREREMA DISPENSARY,EMBU,A-K,Inpatient & Outpatient
22244759,KARURA DISPENSARY,EMBU,A-K,Inpatient & Outpatient
22244717,KARURINA DISPENSARY,EMBU,A-K,Inpatient & Outpatient
22244769,KASAFARI DISPENSARY (CDF),EMBU,A-K,Inpatient & Outpatient
22244777,KATHAARI DISPENSARY,EMBU,A-K,Inpatient & Outpatient
22244718,KATHANGARI DISPENSARY,EMBU,A-K,Inpatient & Outpatient
22244719,KATHANGARIRI DISPENSARY,EMBU,A-K,Inpatient & Outpatient
22244734,KATHANJE DISPENSARY,EMBU,A-K,Inpatient & Outpatient
22244778,KATHANJURI DISPENSARY,EMBU,A-K,Inpatient & Outpatient
22244714,KATHARI DISPENSARY,EMBU,A-K,Inpatient & Outpatient
22244770,KATHUNGURI DISPENSARY,EMBU,A-K,Inpatient & Outpatient
22244735,KIAMBERE DAM DISPENSARY,EMBU,A-K,Inpatient & Outpatient
22244746,KIAMBERE HEALTH CENTRE,EMBU,A-K,Inpatient & Outpatient
22244747,KIAMURINGA DISPENSARY,EMBU,A-K,Inpatient & Outpatient
22241499,KIANJOKOMA SUB-DISTRICT HOSPITAL,EMBU,A-K,Inpatient & Outpatient
22244720,KIBUGU HEALTH CENTRE,EMBU,A-K,Inpatient & Outpatient
22244771,KIGUMO DISPENSARY,EMBU,A-K,Inpatient & Outpatient
22244736,KIOGOGO DISPENSARY,EMBU,A-K,Inpatient & Outpatient
22244748,KIRATHE DISPENSARY,EMBU,A-K,Inpatient & Outpatient
22244737,KIRIE DISPENSARY,EMBU,A-K,Inpatient & Outpatient
22242744,KIRITIRI HEALTH CENTRE,EMBU,A-K,Inpatient & Outpatient
22248374,KIRITIRI MEDICAL HEALTHCARE LTD,EMBU,A-K,Inpatient & Outpatient
22244721,KITHEGI DISPENSARY,EMBU,A-K,Inpatient & Outpatient
22244722,KITHIMU DISPENSARY,EMBU,A-K,Inpatient & Outpatient
22244723,KITHUNGURIRI DISPENSARY,EMBU,A-K,Inpatient & Outpatient
22244738,KOGARI DISPENSARY,EMBU,A-K,Inpatient & Outpatient
6664880,LIBERTY MATERNITY & NURSING HOME,EMBU,A-K,Inpatient & Outpatient
22244749,MACHANGA DISPENSARY,EMBU,A-K,Inpatient & Outpatient
22244724,MAKENGI DISPENSARY (EMBU),EMBU,A-K,Inpatient & Outpatient
22244750,MAKIMA DISPENSARY,EMBU,A-K,Inpatient & Outpatient
22244751,MBITA DISPENSARY,EMBU,A-K,Inpatient & Outpatient
22244752,MBONDONI DISPENSARY,EMBU,A-K,Inpatient & Outpatient
22244753,MBONZUKI DISPENSARY,EMBU,A-K,Inpatient & Outpatient
22248328,MEDICROSS EMBU,EMBU,A-K,Outpatient
22244725,MUCHAGORI DISPENSARY,EMBU,A-K,Inpatient & Outpatient
22244772,MUFU DISPENSARY,EMBU,A-K,Inpatient & Outpatient
22244773,MUGUI DISPENSARY,EMBU,A-K,Inpatient & Outpatient
22244774,MUKUURI DISPENSARY,EMBU,A-K,Inpatient & Outpatient
22244775,NDUURI DISPENSARY,EMBU,A-K,Inpatient & Outpatient
22244726,NEMBURE HEALTH CENTRE,EMBU,A-K,Inpatient & Outpatient
22244754,NGANDURI DISPENSARY,EMBU,A-K,Inpatient & Outpatient
22244760,NGIORI DISPENSARY,EMBU,A-K,Inpatient & Outpatient
22244779,NJERURI DISPENSARY,EMBU,A-K,Inpatient & Outpatient
22241955,NTHAGAIYA CATHOLIC DISPENSARY,EMBU,A-K,Outpatient
22244780,NYAGARI DISPENSARY,EMBU,A-K,Inpatient & Outpatient
22242720,OUTSPAN HOSPITAL EMBU MEDICAL CLINIC,EMBU,A-K,Outpatient
22246386,POTTERS FAMILY HOSPITAL,EMBU,A-K,Inpatient & Outpatient
22241633,QUEENS & KINGS HEALTH CENTRE,EMBU,A-K,Inpatient & Outpatient
22244755,RIACHINA DISPENSARY,EMBU,A-K,Inpatient & Outpatient
22244756,RIAKANAU DISPENSARY,EMBU,A-K,Inpatient & Outpatient
22244727,RUKIRA DISPENSARY,EMBU,A-K,Inpatient & Outpatient
22244757,RWIKA DISPENSARY,EMBU,A-K,Inpatient & Outpatient
22242815,ST JUDE MEDICAL CARE,EMBU,A-K,Outpatient
6664739,ST. MICHAEL NURSING HOME,EMBU,A-K,Inpatient & Outpatient
22248420,TINASHE MEDICAL SERVICES LIMITED,EMBU,A-K,Outpatient
22244776,UGWERI DISP,EMBU,A-K,Inpatient & Outpatient
22244761,WACHORO DISPENSARY,EMBU,A-K,Inpatient & Outpatient
22246187,YUNASI MEDICAL CENTRE,EMBU,A-K,Outpatient
77751905,ADU DISPENSARY,MALINDI,A-K,Inpatient & Outpatient
77752165,AFYA INTERNATIONAL HOSPITAL,MALINDI,A-K,Inpatient & Outpatient
77788332,"AGA KHAN UNIVERSITY HOSPITAL, NAIROBI-MALINDI",MALINDI,A-K,Outpatient
77758526,AMURT HEALTH CARE CENTRE MALINDI- MUYEYE CLINIC,MALINDI,A-K,Outpatient
77756333,BAMBA MATERNITY NURSING HOME,KILIFI,A-K,Inpatient & Outpatient
77751404,BAMBA SUB-DISTRICT HOSPITAL,KILIFI,A-K,Inpatient & Outpatient
77751851,BAOLALA MODEL HEALTH CENTRE,MALINDI,A-K,Inpatient & Outpatient
77751876,BARICHO DISPENSARY,MALINDI,A-K,Inpatient & Outpatient
77788345,BLISS GVS HEALTHCARE LIMITED MALINDI,MALINDI,A-K,Outpatient
77756367,BLISS GVS HEALTHCARE LIMITED MTWAPA,MTWAPA,A-K,Outpatient
77752745,BLISSFAM HOSPITAL,MTWAPA,A-K,Inpatient & Outpatient
77751973,BOMANI DISPENSARY,MTWAPA,A-K,Inpatient & Outpatient
77755660,BOMANI DISPENSARY,MTWAPA,A-K,Inpatient & Outpatient
77755668,BOMBI DISPENSARY,MALINDI,A-K,Inpatient & Outpatient
77788351,BOMBOLULU DIAGNOSTIC MEDICAL CENTRE,MARIAKANI,A-K,Inpatient & Outpatient
77756990,BORE SINGWAYA DISPENSARY,MALINDI,A-K,Outpatient
77758058,BORESINGWAYA DISPENSARY,MALINDI,A-K,Outpatient
77758656,BOYANI DISPENSARY,MARIAKANI,A-K,Outpatient
77755684,BWAGAMOYO DISPENSARY,MARIAKANI,A-K,Inpatient & Outpatient
77751892,CHAKAMA DISPENSARY,MALINDI,A-K,Inpatient & Outpatient
77755653,CHALANI DISPENSARY,MARIAKANI,A-K,Inpatient & Outpatient
77758599,CHAMALO MEDICAL CLINIC,KILIFI,A-K,Inpatient & Outpatient
77756991,CHAMARI DISPENSARY,MALINDI,A-K,Outpatient
77751615,CHASIMBA HEALTH CENTRE,MTWAPA,A-K,Inpatient & Outpatient
77758657,CHIFERI DISPEANSRY,MARIAKANI,A-K,Outpatient
77758655,CHUMANI DISPENSARY,KILIFI,A-K,Outpatient
77755669,COWDRAY DISPENSARY,MALINDI,A-K,Inpatient & Outpatient
77751885,DAGAMRA DISPENSARY,MALINDI,A-K,Inpatient & Outpatient
77788356,DAVID KARIUKI MEDICAL CENTRE,MALINDI,A-K,Outpatient
77752870,DETENI MEDICAL CLINIC,MARIAKANI,A-K,Outpatient
77751903,DIDA DISPENSARY,KILIFI,A-K,Inpatient
77751846,DUNGICHA DISPENSARY,KILIFI,A-K,Inpatient
77751870,DZIKUNZE DISPENSARY,KILIFI,A-K,Inpatient
77752636,DZITSONI MEDICAL CLINIC,KILIFI,A-K,Outpatient
77752871,EBENEZA CARE PLUS LIMITED,MALINDI,A-K,Outpatient
77758544,FRIMA IMANI MEDICAL SERVICES,MALINDI,A-K,Outpatient
77751890,FUNDI ISSA DISPENSARY,MALINDI,A-K,Inpatient & Outpatient
77755676,GAHALENI DISPENSARY,MALINDI,A-K,Inpatient & Outpatient
77755675,GANDA DISPENSARY,MALINDI,A-K,Inpatient & Outpatient
77751616,GANZE HEALTH CENTRE,KILIFI,A-K,Inpatient & Outpatient
77751891,GARASHI DISPENSARY,MALINDI,A-K,Inpatient & Outpatient
77751376,GEDE HEALTH CENTRE,MALINDI,A-K,Inpatient & Outpatient
77758451,GIRIAMA MISSION DISPENSARY,MARIAKANI,A-K,Outpatient
77756992,GK PRISON CLINIC,MARIAKANI,A-K,Outpatient
77755678,GK PRISON DISPENSARY (MALINDI),MALINDI,A-K,Inpatient & Outpatient
77751403,GONGONI HEALTH CENTRE,MALINDI,A-K,Inpatient & Outpatient
77755651,GOTANI DISPENSARY,MARIAKANI,A-K,Inpatient & Outpatient
77751627,GOTANI MODEL HEALTH CENTRE,MARIAKANI,A-K,Inpatient & Outpatient
77758710,INTERNATIONAL OPTICA KILIFI,KILIFI,A-K,Outpatient
77756399,JAKABA MEDICAL CLINIC,MARIAKANI,A-K,Inpatient & Outpatient
77756112,JAMBO JIPYA MEDICAL CLINIC,MTWAPA,A-K,Inpatient & Outpatient
77761845,JARIBUNI DISPENSARY,KILIFI,A-K,Inpatient
77755654,JIBANA SUB COUNTY HOSPITAL,MARIAKANI,A-K,Inpatient & Outpatient
77756994,JILA MODEL HEALTH CENTRE,KILIFI,A-K,Outpatient
77751878,JILORE DISPENSARY,MALINDI,A-K,Inpatient & Outpatient
77756995,JIMBA DISPENSARY,KILIFI,A-K,Outpatient
77756258,JOCHAM COMMUNITY CLINIC MTWAPA,MTWAPA,A-K,Outpatient
77751991,JUNJU DISPENSARY,MTWAPA,A-K,Outpatient
77756996,KACHORORONI DISPENSARY,KILIFI,A-K,Outpatient
77756997,KADAINA COMMUNITY DISPENSARY,KILIFI,A-K,Outpatient
77755659,KADZINUNI DISPENSARY,MTWAPA,A-K,Inpatient & Outpatient
77755674,KAKONENI DISPENSARY,MALINDI,A-K,Inpatient & Outpatient
77755670,KAKUYUNI DISPENSARY,MALINDI,A-K,Inpatient & Outpatient
77758662,KALOLENI GK PRISON DISPENSARY,MARIAKANI,A-K,Outpatient
77756998,KAMALE DISPENSARY,MALINDI,A-K,Outpatient
77755685,KAMBE DISPENSARY,MARIAKANI,A-K,Inpatient & Outpatient
77755665,KAMBI YA WAYA DISPENSARY,MALINDI,A-K,Inpatient & Outpatient
77755645,KAMKOMANI DISPENSARY,MARIAKANI,A-K,Inpatient & Outpatient
77758659,KANYUMBUNI DISPENASRY,MARIAKANI,A-K,Outpatient
77751907,KARIMBONI DISPENSARY,MALINDI,A-K,Inpatient
77756999,KASEMENI DISPENSARY,MARIAKANI,A-K,Outpatient
77751951,KHAIRAT MEDICAL CENTRE,KILIFI,A-K,Inpatient & Outpatient
77752526,KIJANAHERI MEDICAL CENTRE,MALINDI,A-K,Inpatient & Outpatient
77757000,KILIFI COUNTY BEYOND ZERO CAMPAIGN MOBILE DISPENSARY,KILIFI,A-K,Outpatient
77752461,KILIFI DENTAL CENTRE,KILIFI,A-K,Outpatient
7775070,KILIFI DISTRICT HOSPITAL,KILIFI,A-K,Inpatient & Outpatient
77757001,KILIFI GK PRISON VCT,KILIFI,A-K,Outpatient
77755648,KINARANI DISPENSARY,MARIAKANI,A-K,Inpatient & Outpatient
77755664,KIZINGO HEALTH CENTRE,MTWAPA,A-K,Inpatient & Outpatient
77755680,KOKOTONI DISPENSARY,MARIAKANI,A-K,Inpatient & Outpatient
77755682,KOMBENI DISPENSARY,MARIAKANI,A-K,Inpatient & Outpatient
77757002,KONJORA DISPENSARY,KILIFI,A-K,Outpatient
77758658,KWAJUAJE DISPENSARY,MARIAKANI,A-K,Outpatient
77755686,LENGA DISPENSARY,MARIAKANI,A-K,Inpatient & Outpatient
77751889,MADAMANI DISPENSARY,KILIFI,A-K,Inpatient
77751886,MADUNGUNI DISPENSARY,MALINDI,A-K,Inpatient & Outpatient
77757003,MADZIMBANI DISPENSARY,MARIAKANI,A-K,Outpatient
77751564,MAIMOON MEDICAL CENTRE,MALINDI,A-K,Inpatient & Outpatient
77755683,MAKANZANI DISPENSARY,MARIAKANI,A-K,Inpatient & Outpatient
77757004,MAKOMBOANI DISPENSARY,MARIAKANI,A-K,Outpatient
77755642,MALANGA DISPENSARY -VITENGENI,KILIFI,A-K,Inpatient & Outpatient
7775077,MALINDI SUB COUNTY HOSPITAL,MALINDI,A-K,Inpatient & Outpatient
77751879,MAMBRUI DISPENSARY,MALINDI,A-K,Inpatient & Outpatient
77751377,MARAFA HEALTH CENTRE,MALINDI,A-K,Inpatient & Outpatient
77751844,MAREKEBUNI DISPENSARY,MALINDI,A-K,Inpatient & Outpatient
77751852,MARERENI DISPENSARY,MALINDI,A-K,Inpatient & Outpatient
77741076,MARIAKANI COMMUNITY HEALTHCARE,MARIAKANI,A-K,Inpatient & Outpatient
77755655,MARIAKANI DISTRICT HOSPITAL,MARIAKANI,A-K,Inpatient & Outpatient
7778835,MARIAKANI SUB-COUNTY HOSPITAL,MARIAKANI,A-K,Inpatient & Outpatient
77752272,MARIE STOPES KENYA MALINDI CLINIC,MALINDI,A-K,Outpatient
77755667,MARIKEBUNI DISPENSARY,MALINDI,A-K,Inpatient & Outpatient
77751848,MATOLANI DISPENSARY,MALINDI,A-K,Inpatient & Outpatient
77751629,MATSANGONI MODEL HEALTH CENTRE,KILIFI,A-K,Inpatient & Outpatient
77755656,MAVUENI DISPENSARY,KILIFI,A-K,Inpatient & Outpatient
77758568,MEDICROSS LIMITED-MALINDI,MALINDI,A-K,Outpatient
77752124,MERIDIAN GALANA HOSPITAL,MALINDI,A-K,Inpatient & Outpatient
77755650,MGAMBONI DISPENSARY,MARIAKANI,A-K,Inpatient & Outpatient
77751887,MIDOINA DISPENSARY,KILIFI,A-K,Inpatient & Outpatient
77755671,MIJOMBONI DISPENSARY,KILIFI,A-K,Inpatient & Outpatient
77758664,MIKIRIANI DISPENSARY,MARIAKANI,A-K,Outpatient
77758663,MILALANI DISPENSARY,MARIAKANI,A-K,Outpatient
77752010,MIRIHINI DISPENSARY,KILIFI,A-K,Outpatient
77757005,MITSAJENI DISPENSARY,MARIAKANI,A-K,Outpatient
77751904,MIZIJINI DISPENSARY,MALINDI,A-K,Inpatient
77757006,MJANAHERI DISPENSARY,MALINDI,A-K,Outpatient
77757007,MKONDONI DISPENSARY,MALINDI,A-K,Outpatient
77757008,MMANGANI DISPENSARY,MALINDI,A-K,Outpatient
77755673,MMANGANI DISPENSARY,MALINDI,A-K,Inpatient & Outpatient
77755657,MNARANI DISPENSARY,KILIFI,A-K,Inpatient & Outpatient
77755679,MSHONGOLENI COMMUNITY DISPENSARY,MALINDI,A-K,Inpatient & Outpatient
77752013,MSUMARINI DISPENSARY,MTWAPA,A-K,Outpatient
77755662,MTEPENI DISPENSARY,MTWAPA,A-K,Inpatient & Outpatient
77751884,MTONDIA DISPENSARY,KILIFI,A-K,Inpatient & Outpatient
77752578,MTONDIA MEDICAL CLINIC,KILIFI,A-K,Outpatient
77757009,MTORONI DISPENSARY,MALINDI,A-K,Outpatient
77751605,MTWAPA HEALTH CENTRE,MTWAPA,A-K,Inpatient & Outpatient
77751956,MTWAPA MEDICAL CLINIC AND NURSING HOME,MTWAPA,A-K,Inpatient & Outpatient
77757010,MULUNGUNI DISPENSARY,MALINDI,A-K,Outpatient
77755644,MURYACHAKWE DISPENSARY,KILIFI,A-K,Inpatient & Outpatient
77751850,MWANGATINI DISPENSARY,MALINDI,A-K,Inpatient & Outpatient
77757012,MWAPULA DISPENSARY,KILIFI,A-K,Outpatient
77757013,NDATANI DISPENSARY (KALOLENI),MARIAKANI,A-K,Outpatient
7775996,NEW KILIFI WANANCHI MATERNITY AND NURSING HOME,KILIFI,A-K,Inpatient & Outpatient
77751901,NGERENYA DISPENSARY,KILIFI,A-K,Inpatient
77755666,NGOMENI DISPENSARY (MALINDI),MALINDI,A-K,Inpatient & Outpatient
77752349,NORTHSHORE MEDICAL CENTRE,MTWAPA,A-K,Inpatient & Outpatient
77751873,PALAKUMI DISPENSARY,KILIFI,A-K,Inpatient & Outpatient
77755661,PINGILIKANI DISPENSARY,MTWAPA,A-K,Inpatient & Outpatient
7775723,PWANI MATERNITY AND NURSING HOME,KILIFI,A-K,Inpatient & Outpatient
77757015,PWANI UNIVERSITY COLLEGE CLINIC,KILIFI,A-K,Outpatient
7779929,RABAI RURAL HEALTH DEMONSTRATION CENTR,MARIAKANI,A-K,Inpatient & Outpatient
77757016,RAINBOW COMMUNITY CARE,MALINDI,A-K,Outpatient
77755681,RIBE DISPENSARY,MARIAKANI,A-K,Inpatient & Outpatient
77751875,ROKA MAWENI DISPENSARY,KILIFI,A-K,Inpatient & Outpatient
77752872,ROKA MEDICAL CLINIC LIMITED,KILIFI,A-K,Outpatient
77751888,SABAKI DISPENSARY,MALINDI,A-K,Inpatient & Outpatient
77758410,SEASIDE MARIAKANI NURSING HOME,MARIAKANI,A-K,Inpatient & Outpatient
77757017,SHAKAHOLA DISPENSARY,MALINDI,A-K,Outpatient
77755649,SHANGIA DISPENSARY,MARIAKANI,A-K,Inpatient & Outpatient
77751880,SHOMELLA DISPENSARY,MALINDI,A-K,Inpatient & Outpatient
77751872,SOKOKE DISPENSARY,KILIFI,A-K,Inpatient
77755643,SOKOKE DISPENSARY,KILIFI,A-K,Inpatient & Outpatient
77757018,SOSOBORA DISPESARY,MALINDI,A-K,Outpatient
77751877,SOSONI DISPENSARY,MALINDI,A-K,Inpatient & Outpatient
7778039,ST. LUKE HOSPITAL KALOLENI (MOMBASA),MARIAKANI,A-K,Inpatient & Outpatient
7775630,STAR HOSPITAL,MALINDI,A-K,Inpatient & Outpatient
7774291,SWISS COTTAGE HOSPITAL,MTWAPA,A-K,Inpatient & Outpatient
77751604,TAKAUNGU DISPENSARY,KILIFI,A-K,Outpatient
7775706,TAWFIQ HOSPITAL,MALINDI,A-K,Inpatient & Outpatient
77792064,THE GREEN PARK HEALTHCARE,MTWAPA,A-K,Outpatient
77757019,TIMBONI COMMUNITY DISPENSARY,MALINDI,A-K,Outpatient
77755646,TSANGATSINI DISPENSARY,MARIAKANI,A-K,Inpatient & Outpatient
77756400,TUDOR HEALTHCARE KALOLENI,MARIAKANI,A-K,Outpatient
77758589,TUDOR HEALTHCARE LTD KILIFI,KILIFI,A-K,Outpatient
77758590,TUDOR HEALTHCARE MARIAKANI,MARIAKANI,A-K,Outpatient
77758520,"TUDOR HEALTHCARE,MTWAPA",MTWAPA,A-K,Outpatient
77756401,ULTRAMED HEALTHCARE LIMITED,MARIAKANI,A-K,Outpatient
77751405,VIPINGO HEALTH CENTRE,MTWAPA,A-K,Inpatient & Outpatient
77755663,VIPINGO RURAL DEMONSTRATION HEALTH CENTRE,MTWAPA,A-K,Inpatient & Outpatient
77755647,VIRANGONI DISPENSARY,MARIAKANI,A-K,Inpatient & Outpatient
77755652,VISHAKANI DISPENSARY,MARIAKANI,A-K,Inpatient & Outpatient
77751378,VITENGENI HEALTH CENTRE,KILIFI,A-K,Inpatient & Outpatient
77755672,WATAMU DISPENSARY,MALINDI,A-K,Inpatient & Outpatient
77752874,WATAMU MATERNITY & NURSING HOME,MALINDI,A-K,Outpatient
77751420,WATAMU NURSING HOME,MALINDI,A-K,Inpatient & Outpatient
77758501,ZAHIR HEALTH CARE,MTWAPA,A-K,Inpatient & Outpatient
77755658,ZIANI DISPENSARY,MTWAPA,A-K,Inpatient & Outpatient
55505017,ABAKAILE DISPENSARY,GARISSA,A-K,Inpatient & Outpatient
55505038,ABDISAMAD DISPENSARY,GARISSA,A-K,Inpatient & Outpatient
55506224,AFNAAN HEALTHCARE SERVICES,GARISSA,A-K,Outpatient
55504996,AFWEIN DISPENSARY,GARISSA,A-K,Inpatient & Outpatient
55505039,AL FARUQ DISPENSARY,GARISSA,A-K,Inpatient & Outpatient
55506076,AL-MAQDIS MEDICAL CENTRE,GARISSA,A-K,Inpatient & Outpatient
55505018,ALIKUNE DISPENSARY,GARISSA,A-K,Inpatient & Outpatient
55505015,ALINJUGUR HEALTH CENTRE,GARISSA,A-K,Inpatient & Outpatient
55506200,ALJEZEERA HOSPITAL,GARISSA,A-K,Outpatient
55501493,ALLIANCE MEDICAL CENTRE-GARISSA,GARISSA,A-K,Inpatient & Outpatient
55505016,AMUMA DISPENSARY,GARISSA,A-K,Inpatient & Outpatient
55505012,AMUMA MOBILE DISPENSARY,GARISSA,A-K,Inpatient & Outpatient
55508595,ANFAC NURSING HOME,GARISSA,A-K,Outpatient
55508596,ANTALIYA HOSPITAL,GARISSA,A-K,Inpatient & Outpatient
55506079,ASAD MEDICAL CENTRE,GARISSA,A-K,Inpatient & Outpatient
55501688,BALAMBALA SUB-COUNTY HOSPITAL,GARISSA,A-K,Inpatient & Outpatient
55505040,BALICH DISPENSARY,GARISSA,A-K,Inpatient & Outpatient
55508144,BANANE HEALTH CENTRE,GARISSA,A-K,Outpatient
55508145,BANANE KOKAR DISPENSARY,GARISSA,A-K,Outpatient
55504997,BARAKI DISPENSARY,GARISSA,A-K,Inpatient & Outpatient
55508146,BARQUQE DISPENSARY,GARISSA,A-K,Outpatient
55506208,BLISS GVS HEALTHCARE LIMITED GARISSA,GARISSA,A-K,Outpatient
55508147,BOGYAR DISPENSARY,GARISSA,A-K,Outpatient
55505028,BOTHAI DISPENSARY,GARISSA,A-K,Inpatient & Outpatient
55505041,BOURALGY DISPENSARY,GARISSA,A-K,Inpatient & Outpatient
55505042,BULLA MZURI DISPENSARY,GARISSA,A-K,Inpatient & Outpatient
55502366,BURA SUB-COUNTY HOSPITAL,GARISSA,A-K,Inpatient & Outpatient
55502080,COUNTY MEDICAL CLINIC AND LAB SERVICES,GARISSA,A-K,Outpatient
55505019,DAMAJALE DISPENSARY,GARISSA,A-K,Inpatient & Outpatient
55505005,DANYERE HEALTH CENTRE,GARISSA,A-K,Inpatient & Outpatient
55502419,DANYIERE HEALTH CENTRE,GARISSA,A-K,Outpatient
55508600,DARUSALAAM HOSPITAL,GARISSA,A-K,Inpatient & Outpatient
55505004,DUJIS HEALTH CENTRE,GARISSA,A-K,Inpatient & Outpatient
55504998,ELDERE DISPENSARY,GARISSA,A-K,Inpatient & Outpatient
55501513,"EXCEL HEALTH SERVICES, GARISSA",GARISSA,A-K,Inpatient & Outpatient
55505013,FAFI DISPENSARY,GARISSA,A-K,Inpatient & Outpatient
55505035,FURQAN DISPENSARY,GARISSA,A-K,Inpatient & Outpatient
55505036,GABABA DISPENSARY,GARISSA,A-K,Inpatient & Outpatient
55505009,GALMAGALLA HEALTH CENTRE,GARISSA,A-K,Inpatient & Outpatient
55505010,GALMAGALLA MOBILE DISPENSARY,GARISSA,A-K,Inpatient & Outpatient
5550104,GARISSA COUNTY REFERRAL HOSPITAL,GARISSA,A-K,Inpatient & Outpatient
55502451,GARISSA DOCTORS PLAZA,GARISSA,A-K,Inpatient & Outpatient
5550454,GARISSA MOTHER & CHILD HEALTH CARE,GARISSA,A-K,Inpatient & Outpatient
5550810,GARISSA NURSING HOME,GARISSA,A-K,Inpatient & Outpatient
55508450,GARISSA NURSING HOME ANNEX,GARISSA,A-K,Inpatient & Outpatient
55505043,GARISSA TEACHER TRAINING COLLEGE DISPENSARY,GARISSA,A-K,Inpatient & Outpatient
55504999,GARUFA DISPENSARY,GARISSA,A-K,Inpatient & Outpatient
55505044,GK PRISON DISPENSARY (GARISSA),GARISSA,A-K,Inpatient & Outpatient
55508605,HABIB NURSING HOME,GARISSA,A-K,Inpatient & Outpatient
55508148,HABLEY DISPENSARY,GARISSA,A-K,Outpatient
55505020,HAGARBUL DISPENSARY,GARISSA,A-K,Inpatient & Outpatient
55505024,HAMEY DISPENSARY,GARISSA,A-K,Inpatient & Outpatient
55505026,HANDARO DISPENSARY,GARISSA,A-K,Inpatient & Outpatient
55505029,HARA HEALTH CENTRE,GARISSA,A-K,Inpatient & Outpatient
55501687,HULUGHO SUB-DISTRICT HOSPITAL,GARISSA,A-K,Inpatient
55505030,IJARA HEALTH CENTRE,GARISSA,A-K,Inpatient & Outpatient
55505000,ILAN DISPENSARY,GARISSA,A-K,Inpatient & Outpatient
55505027,JALISH DISPENSARY,GARISSA,A-K,Inpatient & Outpatient
55505002,JILANGO DISPENSARY,GARISSA,A-K,Inpatient & Outpatient
55502418,KAMUTHE HEALTH CENTRE,GARISSA,A-K,Outpatient
55505008,KASHA DISPENSARY,GARISSA,A-K,Inpatient & Outpatient
55505033,KITOLE HEALTH CENTRE,GARISSA,A-K,Inpatient & Outpatient
55505031,KORISA DISPENSARY,GARISSA,A-K,Inpatient & Outpatient
55502487,KUMAHUMATO DISPENSARY,GARISSA,A-K,Outpatient
55505021,KUMAJUMATO DISPENSARY,GARISSA,A-K,Inpatient & Outpatient
55505007,KUNO DISPENSARY,GARISSA,A-K,Inpatient & Outpatient
55505006,LIBAHLOW DISPENSARY,GARISSA,A-K,Inpatient & Outpatient
55505022,LIBOI HEALTH CENTRE,GARISSA,A-K,Inpatient & Outpatient
55505001,MAALIMIN DISPENSARY,GARISSA,A-K,Inpatient & Outpatient
55505023,MALAYLAY DISPENSARY,GARISSA,A-K,Inpatient & Outpatient
55505011,MANSABUBU HEALTH CENTRE,GARISSA,A-K,Inpatient & Outpatient
55502217,MEDINA DIAGNOSTIC LIMITED,GARISSA,A-K,Inpatient & Outpatient
5550323,MEDINA DIAGNOSTICS,GARISSA,A-K,Inpatient & Outpatient
55501477,MEDINA HOSPITAL,GARISSA,A-K,Inpatient
55508471,MODOGASHE NURSING HOME,GARISSA,A-K,Inpatient & Outpatient
5552954,MODOGASHE SUB-COUNTY HOSPITAL,GARISSA,A-K,Inpatient & Outpatient
55505037,MOHAMED DAHIR DISPENSARY,GARISSA,A-K,Inpatient & Outpatient
55502764,NORTH EASTERN MEDICAL CENTRE,GARISSA,A-K,Outpatient
55505045,POLICE LINE DISPENSARY (GARISSA),GARISSA,A-K,Inpatient & Outpatient
55505034,RUQA DISPENSARY,GARISSA,A-K,Inpatient & Outpatient
55505003,SAKA HEALTH CENTRE,GARISSA,A-K,Inpatient & Outpatient
55505025,SANGAILU HEALTH CENTRE,GARISSA,A-K,Inpatient & Outpatient
55505032,SANGOLE DISPENSARY,GARISSA,A-K,Inpatient & Outpatient
55502367,SANKURI HEALTH CENTRE,GARISSA,A-K,Outpatient
55508149,SARETHO DISPENSARY,GARISSA,A-K,Outpatient
55501729,SHAMSU HEALTHCARE LIMITED,GARISSA,A-K,Inpatient & Outpatient
55508150,SHANTAABAQ HEALTH CENTRE,GARISSA,A-K,Outpatient
55506162,SHIFAA MEDICAL CLINIC,GARISSA,A-K,Outpatient
55505046,SHIMBREY DISPENSARY,GARISSA,A-K,Inpatient & Outpatient
55508417,SUNNA HEALTHCARE DENTAL SERVICES,GARISSA,A-K,Outpatient
5550416,TAWHEED COMMUNITY NURSING HOME,GARISSA,A-K,Inpatient & Outpatient
55505047,UTAWALA DISPENSARY,GARISSA,A-K,Inpatient & Outpatient
55502220,WOMENS INNITIATIVE HEALTH CARE SERVICE,GARISSA,A-K,Inpatient & Outpatient
55505014,YUMBIS DISPENSARY,GARISSA,A-K,Inpatient & Outpatient
